"Filename","Name","Side","Sha512","Source","Confidence"
"AdvancementPlaques-1.20.1-forge-1.6.9.jar","Advancement Plaques [Neo/Forge]","client","20053af7b38b6d25c18c73608f5437f7298c2cf9310c0f71933c02224bf903b18ae61c9959753d834e2c9687b6b57175bfe01f3a3c96bcc599714a4f5155b492","https://cdn.modrinth.com/data/9NM0dXub/versions/xqigG9AR/AdvancementPlaques-1.20.1-forge-1.6.9.jar","manifest: Packwiz side and declared exact hash; see validation audits for runtime proof"
"aether-1.20.1-1.5.2-neoforge.jar","aether-1.20.1-1.5.2-neoforge","both","60b23e439b244645eafda5f3ddd620ac37e94bd75441d2deea9c328e1e154362f48b08aff1959849a7428ae7664422723fdbdb12aaeddfd56409ba4b54a7eaaf","https://cdn.modrinth.com/data/YhmgMVyu/versions/2411kUqF/aether-1.20.1-1.5.2-neoforge.jar","manifest: Packwiz side and declared exact hash; see validation audits for runtime proof"
"aethersdelight-0.1.3.1-1.20.1.jar","aethersdelight-0.1.3.1-1.20.1","both","102f3a299b4ab92a6bb29908b9d6fecc7576cfa4cabbfcf795ebe001a1a0d4ee55025216753f31cb842ae350e0c21d23342b1e262e66d8fd7d9ed4168a8fafa6","https://cdn.modrinth.com/data/XUztKPS9/versions/IMQRjMr0/aethersdelight-0.1.3.1-1.20.1.jar","manifest: Packwiz side and declared exact hash; see validation audits for runtime proof"
"AI-Improvements-1.20-0.5.2.jar","AI Improvements","both","eb932308aceb30f5157e967f1bd4b57eb1a1b2093886cbfaef6524b780337b8b0e2bd41c5103694c3a275827ceb7d63e7c55637a7a46f8e21f0a6770346b757d","https://cdn.modrinth.com/data/DSVgwcji/versions/eJihmpNQ/AI-Improvements-1.20-0.5.2.jar","manifest: Packwiz side and declared exact hash; see validation audits for runtime proof"
"alexs_caves_delight-1.0.0-forge-1.20.1.jar","alexs caves Delight ( Farmer","both","72959764c431fb68d2bcd8db17af6c889571f3d138c52632a2fc23c1bdfc8f28fbc20f8b9768bb4ab1c434009093bab10695d3cda8a436779e3c7f6184b271db","https://cdn.modrinth.com/data/xAxyIEYU/versions/dK6AGAz9/alexs_caves_delight-1.0.0-forge-1.20.1.jar","manifest: Packwiz side and declared exact hash; see validation audits for runtime proof"
"alexscaves-2.0.2.jar","Alex","both","d23092cf507f4cf66ead45d7b393393ea83a9002056962ee6c341e91323ae39e10f2aefbbbc9f5e54409eb3ee522ad0c2dd5661077b09f1e37d034cfdd4333a0","https://cdn.modrinth.com/data/U6GY0xp0/versions/lC8HHXOF/alexscaves-2.0.2.jar","manifest: Packwiz side and declared exact hash; see validation audits for runtime proof"
"alexsmobs-1.22.9.jar","Alex","both","b50280057926d750f9ffbf6a8df36deb37529356895f6bf59f25d272ecf69afccec65ec1a5c3a8bfad24f9475c15b93c5ec4666447b1fce26a90c41445bbfb04","https://cdn.modrinth.com/data/2cMuAZAp/versions/XoIASRVU/alexsmobs-1.22.9.jar","manifest: Packwiz side and declared exact hash; see validation audits for runtime proof"
"almanac-1.20.x-forge-1.0.2.jar","Almanac Lib","both","58c4dea50fcb17593e2c97a23ce101c62b5b32e2fd71d4bbf323f2778d4474c991caba7234ecf4d06f1e246ccb9ad7f67f2fa73f023cd80ef55333e2ed952f43","https://cdn.modrinth.com/data/Gi02250Z/versions/DnzrwvfD/almanac-1.20.x-forge-1.0.2.jar","manifest: Packwiz side and declared exact hash; see validation audits for runtime proof"
"alternate_current-mc1.20-1.7.0.jar","Alternate Current","server","d9ae21a3a389c63466bf22b36d4a78c859f30c901397622f1f1438737901a2c67e4d911c83831e0d4f1edabf0b86b58f4192d9980ecef8278393fd4af64a9585","https://cdn.modrinth.com/data/r0v8vy1s/versions/kC6SY4Zp/alternate_current-mc1.20-1.7.0.jar","manifest: Packwiz side and declared exact hash; see validation audits for runtime proof"
"ambientadditions-1.20.1-1.1.2.jar","Ambient Additions","both","f023faa63d1aac7bf37e7d6394bbe3791dcb23731091a8af036297e9c39ee9857dca9428cb2ccd722d5ff27cbbfb9fd954fad5593131df88cd75216c576c4ecb","https://cdn.modrinth.com/data/EdXRAo60/versions/3EGLyzXD/ambientadditions-1.20.1-1.1.2.jar","manifest: Packwiz side and declared exact hash; see validation audits for runtime proof"
"AmbientSounds_FORGE_v6.3.8_mc1.20.1.jar","AmbientSounds","client","150acb106bcb5cb7c74ede40f92cd7f597cc5f735104633b9a068179b05f5488d844af00fde98195a9cb8091f8055011a65126a67d96a8a2af95515a4ae42e55","https://cdn.modrinth.com/data/fM515JnW/versions/AuLdtrBY/AmbientSounds_FORGE_v6.3.8_mc1.20.1.jar","manifest: Packwiz side and declared exact hash; see validation audits for runtime proof"
"amendments-1.20-2.2.5.jar","Amendments","both","7f1ebaefc4d71e523e92acd5e7b255695c7248695f9c89c393527146128c2780c4cdc079e3982485309dbf2a093dedd0a42177bed8242b641fd77692f211ef34","https://cdn.modrinth.com/data/6iTJugQR/versions/73W8UHX3/amendments-1.20-2.2.5.jar","manifest: Packwiz side and declared exact hash; see validation audits for runtime proof"
"animal_feeding_trough-1.1.0+1.20.1-forge.jar","Animal Feeding Trough","both","db70c257e3ed1dafe8e72d1fc98e60d47687cd64dc5fd6d41788c9b72341c5a466c376e5b55067027064db8414fe742ddecd3f85466fc0bf644f8c1f3991cb7d","https://cdn.modrinth.com/data/bRFWnJ87/versions/xdtARhJP/animal_feeding_trough-1.1.0%2B1.20.1-forge.jar","manifest: Packwiz side and declared exact hash; see validation audits for runtime proof"
"another_furniture-forge-1.20.1-3.0.4.jar","Another Furniture","both","c57011a7e078cdb05ca05123d2ca3d01b1f3baca3555c067150e23d75268bb250b45a780da1488a49c08c46f6ed38e883f6cd47981babffe43b5f501984f1afc","https://cdn.modrinth.com/data/ulloLmqG/versions/S9tNKT5R/another_furniture-forge-1.20.1-3.0.4.jar","manifest: Packwiz side and declared exact hash; see validation audits for runtime proof"
"appleskin-forge-mc1.20.1-2.5.1.jar","AppleSkin","client","3176f928fb6c60d27f5edb610ca4ab0236175404eebf32797a1ec6cdd794bb294a260231579578536d03571377e43c6181adc75d8dd2c0733f17fce4f7e636b9","https://cdn.modrinth.com/data/EsAfCjCV/versions/XdXDExVF/appleskin-forge-mc1.20.1-2.5.1.jar","manifest: Packwiz side and declared exact hash; see validation audits for runtime proof"
"Aquaculture-1.20.1-2.5.7.jar","Aquaculture 2","both","0ce772a8c8379ab5c38b6a6db05d57d5c1764c97d66102ea1ca57e98011dcc6294f38523f0b34ba9f571ff591c9c6e40c5f6ddcaea32b60dac6bd570093b4ed3","https://cdn.modrinth.com/data/Vl1uNAuy/versions/wNiFoROs/Aquaculture-1.20.1-2.5.7.jar","manifest: Packwiz side and declared exact hash; see validation audits for runtime proof"
"aquamirae-forge-1.20.1-6.4.0.jar","Aquamirae","both","d4f689e25f691cf4bafdf1eb26901c4b6d0548c73b136537b90ac649c4f6fa52b00557abf7c82dfbcedd57be5f6931dbfb577cb88f4f9fd4b4725f088200321d","https://cdn.modrinth.com/data/k23mNPhZ/versions/A6aIqoJZ/aquamirae-forge-1.20.1-6.4.0.jar","manifest: Packwiz side and declared exact hash; see validation audits for runtime proof"
"architectury-9.2.14-forge.jar","Architectury API","both","cf67f2050cafa00f0bee42e6d7bef77fdb808ac4f71742f7b4d6d5c1e6ffb49561a5a252f332d2b78a9767bdb5faa284611790dba303fbdc736ae36d794f61c7","https://cdn.modrinth.com/data/lhGA9TYQ/versions/1MKTLiiG/architectury-9.2.14-forge.jar","manifest: Packwiz side and declared exact hash; see validation audits for runtime proof"
"artifacts-forge-9.5.19.jar","Artifacts","both","bea709250d367fa7957d523e51771b4fe3183678625dd20824722d9702523b076b0b9787331a954f7fd4184c00e450186c8756b710686eacf5f81ed66726a6a3","https://cdn.modrinth.com/data/P0Mu4wcQ/versions/lrLPBSzq/artifacts-forge-9.5.19.jar","manifest: Packwiz side and declared exact hash; see validation audits for runtime proof"
"astikorcartsredux-1.2.3.jar","AstikorCarts Redux","both","dd312304bc9239813a4be4a559c212be4ec24bd1b0e99f9b3c18822d5c80ca7c556fcb3c5ee4d7f4d909d5f79dd960dd607fbe9b3ee98bef50f940106eb19232","https://cdn.modrinth.com/data/mnLFouB0/versions/Cua8odGy/astikorcartsredux-1.2.3.jar","manifest: Packwiz side and declared exact hash; see validation audits for runtime proof"
"autumnity-1.20.1-5.0.2.jar","autumnity-1.20.1-5.0.2","both","09362d1901f3a49d0c027028760213fe54b76acd5a7cff73b27c691581a5280ac7b7b3e26e3eb1a559d08b1490d417dd6525825b62b59f2f5a5355a066d00549","https://cdn.modrinth.com/data/cRh6MJ6n/versions/F0pPtIPH/autumnity-1.20.1-5.0.2.jar","manifest: Packwiz side and declared exact hash; see validation audits for runtime proof"
"balm-forge-1.20.1-7.3.41-all.jar","Balm","both","2f1d334f90f6836114074cae09f915b13d459df164999b7faa71e1f2f520ee20bd27cfb8ea4cb3aeca9cc3c035c130d5a79982b42f0edec33e9411819ae5fbb4","https://cdn.modrinth.com/data/MBAkmtvl/versions/47ZbZoOg/balm-forge-1.20.1-7.3.41-all.jar","manifest: Packwiz side and declared exact hash; see validation audits for runtime proof"
"beautify-2.0.2.jar","Beautify!","both","e1484165b14dd71473c6934647a71e62db3a281cbaaa66ef7eaf4f5325e9807820954156354fc92626c65f1dc17b7e9be4649c1ef6191b83b27bf749af0f302f","https://cdn.modrinth.com/data/9BPuv4vL/versions/v9NnLuyB/beautify-2.0.2.jar","manifest: Packwiz side and declared exact hash; see validation audits for runtime proof"
"BetterAdvancements-Forge-1.20.1-0.4.2.60.jar","Better Advancements","client","152952375740285e145d5b8e40f3daf7a3b7f58048a4bbe2728d53046b729b151becc30a0f7f506130bc4a8d4d3fc2bad03a1aa7cf2b0200dbeb27d353ceac50","https://cdn.modrinth.com/data/Q2OqKxDG/versions/EKwDaD23/BetterAdvancements-Forge-1.20.1-0.4.2.60.jar","manifest: Packwiz side and declared exact hash; see validation audits for runtime proof"
"betterarcheology-1.2.1-1.20.1.jar","Better Archeology","both","1b1483ae31f42f687915c964cbd07b1f165e4ffa55aec23370f7f0efcb61f78f16a3ef8d6edbc2f4812524f22cc969a8f0d7cd2e2a6b5edf6959342526deaeb1","https://cdn.modrinth.com/data/zCh7omyG/versions/vsqxpUo3/betterarcheology-1.2.1-1.20.1.jar","manifest: Packwiz side and declared exact hash; see validation audits for runtime proof"
"BetterF3-7.0.2-Forge-1.20.1.jar","BetterF3","client","e88ce04d601a5953de909edaabb49dad9eea2c3a9ccccb1247fd041554b30794d4d4c315be065c90b1017cbd798199e644fe8d905125f4c431ddb8eaf170dd15","https://cdn.modrinth.com/data/8shC1gFX/versions/xo6HmgWj/BetterF3-7.0.2-Forge-1.20.1.jar","manifest: Packwiz side and declared exact hash; see validation audits for runtime proof"
"betterfishtanks-1.3.0-1.20.1-Forge.jar","Better Fishtanks","both","332c29470f2944191e1f261f725ea244f28d5905cc4a56a5fae964ac54e6e18d936467ff74f20faa41a08148e080db2c9d3414ffd26818089c5478c0fc83d33b","https://cdn.modrinth.com/data/Aokk3vZE/versions/NIoJ7cmV/betterfishtanks-1.3.0-1.20.1-Forge.jar","manifest: Packwiz side and declared exact hash; see validation audits for runtime proof"
"BetterThirdPerson-Forge-1.20-1.9.0.jar","Better Third Person","client","ae854893f17c3e42825e88119f4bd6be8948612494780194cb1c1cd5d65d571c91e7222c286cb734b3af363f927a6be8ad05347cd2c3fec6e1874b4aaac14c7b","https://cdn.modrinth.com/data/G1s2WpNo/versions/XkYduFuv/BetterThirdPerson-Forge-1.20-1.9.0.jar","manifest: Packwiz side and declared exact hash; see validation audits for runtime proof"
"BiomesOPlenty-forge-1.20.1-19.0.0.96.jar","BiomesOPlenty-forge-1.20.1-19.0.0.96","both","d23b4526f80ed88b9253b4cb28f9f2675744dcabfee9e19f3e33f5870b84b7fa1e3104ff1201d0b4408d6a8354195cbedee1ed42100c9778e1ffd32ddab5e55e","https://cdn.modrinth.com/data/HXF82T3G/versions/jxUqRzSD/BiomesOPlenty-forge-1.20.1-19.0.0.96.jar","manifest: Packwiz side and declared exact hash; see validation audits for runtime proof"
"blueprint-1.20.1-7.1.4.jar","Blueprint","both","54e72a95caea98ddc01270fd765a05b82809dce760c5d9b8bdcf2c5c0ed9f4ef64e701fd70fc9146be2f030c085b29b21843ecd592beea4f331bdcf05545178b","https://cdn.modrinth.com/data/VsM5EDoI/versions/AiaPEN6q/blueprint-1.20.1-7.1.4.jar","manifest: Packwiz side and declared exact hash; see validation audits for runtime proof"
"Bookshelf-Forge-1.20.1-20.2.15.jar","Bookshelf","both","b5e3d6031ea91aca65b059c84d813d248347a870fac4811cd1e9d649f2a37c857bbd32f2f071b69589c7b3940bf5bb4bdc0b82f62818bb03255be14d23cef170","https://cdn.modrinth.com/data/uy4Cnpcm/versions/7eS5OIHj/Bookshelf-Forge-1.20.1-20.2.15.jar","manifest: Packwiz side and declared exact hash; see validation audits for runtime proof"
"Bountiful-6.0.4+1.20.1-forge.jar","Bountiful-6.0.4+1.20.1-forge","both","63e460c967d4c38bad82e20eb35955f1bb22b505239fafb02aed60a43840f7417306cc99ea8da25bf7ea36d0a1c65347b3b20d0f597311dc7c4473908bd63705","https://cdn.modrinth.com/data/BpwWFOVM/versions/EM7Su3PD/Bountiful-6.0.4%2B1.20.1-forge.jar","manifest: Packwiz side and declared exact hash; see validation audits for runtime proof"
"BrewinAndChewin-1.20.1-3.2.1.jar","Brewin","both","f784c2530f34e56e70a58ee7345e95abc79b312c39fbbef6339ab19dfd20e2842cd7414c5ef2395db2bfa0a9bb1036affc6a3be685b2b731ee3195b2d0d4eb5d","https://cdn.modrinth.com/data/hIu9KJTT/versions/9myDFPCD/BrewinAndChewin-1.20.1-3.2.1.jar","manifest: Packwiz side and declared exact hash; see validation audits for runtime proof"
"carryon-forge-1.20.1-2.1.2.7.jar","Carry On","both","4f75afb703dd71c322d4e2e27d28d7ab4afeb0c242bcee6d1eb5fef59ee4347352f1ca55f1826743957d2e95a951ed13884356485b0a979b14010915079e2c29","https://cdn.modrinth.com/data/joEfVgkn/versions/edGQD16r/carryon-forge-1.20.1-2.1.2.7.jar","manifest: Packwiz side and declared exact hash; see validation audits for runtime proof"
"caverns_and_chasms-1.20.1-2.1.3.jar","caverns_and_chasms-1.20.1-2.1.3","both","c306daca155411e39817bca8d33ff2514ebceeb52e4435c60aa9ed374209406ef10c4e9366626a64f227598459650e6bc2c1abbba1a80dac3e0e28423d7baacb","https://cdn.modrinth.com/data/tfjmPSbI/versions/TWaOFuHm/caverns_and_chasms-1.20.1-2.1.3.jar","manifest: Packwiz side and declared exact hash; see validation audits for runtime proof"
"chalk-1.20.1-1.6.7.jar","Chalk","both","c983555fb6e26f1c70a8d24a5b80e369ec6884d413ff228ce4f0a03b46777f281e667df97badc3092cdbdfe7bae3c735a52c3dfd7d8312e065192e093d04343a","https://cdn.modrinth.com/data/YWGP4Y1d/versions/egCIyHFr/chalk-1.20.1-1.6.7.jar","manifest: Packwiz side and declared exact hash; see validation audits for runtime proof"
"chat_heads-0.15.6-forge-1.20.jar","chat_heads-0.15.6-forge-1.20","client","f5a3344d01636df66b66e3328a98255dda4e47211e70e2e00d20a19bbce770d5f64bf3e68a322e3e7d372c4fbe4715505bd759d092331268ded01a3c95426dd5","https://cdn.modrinth.com/data/Wb5oqrBJ/versions/Y5UwovZK/chat_heads-0.15.6-forge-1.20.jar","manifest: Packwiz side and declared exact hash; see validation audits for runtime proof"
"Chimes-v2.1.1-1.20.1-Forge.jar","Chimes","both","f4ad56b55e58769a07497b5a8ead9d3a5d285ddaea4ecabc9b42e55ead3aca7efda6111a7f1198c0c7a4aadd885e9c65f73dfaa79939787c221a26c77eab09bb","https://cdn.modrinth.com/data/mjGOuygR/versions/3BBPocXc/Chimes-v2.1.1-1.20.1-Forge.jar","manifest: Packwiz side and declared exact hash; see validation audits for runtime proof"
"Chunky-1.3.146.jar","Chunky","server","13ef9d5bfea1895118eec45aa3071e2d79408241f29990624f67e157d4c525391753b0a1539ff3359dad79a6e5ab5e0b84fffbe528bdefcaaefd579ec794d9c9","https://cdn.modrinth.com/data/fALzjamp/versions/4FTDk9wv/Chunky-1.3.146.jar","manifest: Packwiz side and declared exact hash; see validation audits for runtime proof"
"citadel-2.6.3-1.20.1.jar","Citadel","both","42e3fa0ddefb1ebdbba4242d81caede834cd0bbd96e4e90b12b2157a5b07c68b625f64046de1f9e1ad4d6056d3536e17207be5f4b24960582052d713b13f22c0","https://cdn.modrinth.com/data/jJfV67b1/versions/lTAAe4sZ/citadel-2.6.3-1.20.1.jar","manifest: Packwiz side and declared exact hash; see validation audits for runtime proof"
"cloth-config-11.1.136-forge.jar","cloth-config-11.1.136-forge","both","137c4af99c53d77317cbfb1cc8c49fc2761708b49d1992f51fd846960df41dde3a83519c987e081508d4ed90c603566f3d5a6cb620ad9d85b8f4de59aa9115ef","https://cdn.modrinth.com/data/9s6osm5g/versions/t8TXrZvZ/cloth-config-11.1.136-forge.jar","manifest: Packwiz side and declared exact hash; see validation audits for runtime proof"
"Clumps-forge-1.20.1-12.0.0.4.jar","Clumps","both","ffd8ff2438e9f9d260d3926ccdd0cccc4772c6f99f29715690aed4f6e97a76035f3aeaa78168e2a458bc4cccf521e97ebdb6e0b61c819facb04af9ebb3638383","https://cdn.modrinth.com/data/Wnxd13zP/versions/nAHGB5ls/Clumps-forge-1.20.1-12.0.0.4.jar","manifest: Packwiz side and declared exact hash; see validation audits for runtime proof"
"Collectibles-1.20.x-(v.1.4.10).jar","Collectibles","both","2887d880c38332ab3abccc47c43afdd2d37ccb63681f4d8f7e383508835856c58957b1d368a13a98179fb7f48c6025c0e9e0132ddd6f342015c5ed54d819abd0","https://cdn.modrinth.com/data/YndbKiX8/versions/18h2at75/Collectibles-1.20.x-%28v.1.4.10%29.jar","manifest: Packwiz side and declared exact hash; see validation audits for runtime proof"
"collective-1.20.1-8.39.jar","Collective","both","8772b683cb4d4d5ec15a995c717dec553d0ab07f43f310fc5e34de40216ad90abc4aaa22b035a0c387c35b9804655fdeda0edca8ced45ee9588f7b6a8e3a0e85","https://cdn.modrinth.com/data/e0M1UDsY/versions/ZrHXYjUf/collective-1.20.1-8.39.jar","manifest: Packwiz side and declared exact hash; see validation audits for runtime proof"
"comforts-forge-6.4.0+1.20.1.jar","Comforts","both","5f8bc01de36814bbea454ad306efd6b7ae9de933117fe8c1197a13454804e4b71ddd0685a24ace45b81527a8489d4081f7e75b6c5d3f7d7c8f791520407fac09","https://cdn.modrinth.com/data/SaCpeal4/versions/gBDsc134/comforts-forge-6.4.0%2B1.20.1.jar","manifest: Packwiz side and declared exact hash; see validation audits for runtime proof"
"Controlling-forge-1.20.1-12.0.2.jar","Controlling","client","3945bf3f6d843957f13584dfc70bede253d1e48f0dcb96f647fbcc6fcd3d1748a0dd9c6ca5c882e07a41f98eb84057934f51e43ab6023ed0a19695de2e6fe9f5","https://cdn.modrinth.com/data/xv94TkTM/versions/LH6Bi6Am/Controlling-forge-1.20.1-12.0.2.jar","manifest: Packwiz side and declared exact hash; see validation audits for runtime proof"
"cookingforblockheads-forge-1.20.1-16.0.15.jar","Cooking for Blockheads","both","a517409abd039de4868a6d7149d25da40aafd4d76a51971fc33482f1f158e6bb743d86249da41df6a26ada8a41f309924c72f3774f1fbf62e96b455e26b67b92","https://cdn.modrinth.com/data/vJnhuDde/versions/W87tG8sG/cookingforblockheads-forge-1.20.1-16.0.15.jar","manifest: Packwiz side and declared exact hash; see validation audits for runtime proof"
"copycats-3.0.7+mc.1.20.1-forge.jar","Create: Copycats+","both","163499b08adb6198630019b74c32465c569145ad36e956c5b4d1e6537c0eb52fd9217ebd90b7f05f5efaf084d71533481e46738295609f31e50bec6b7941c91b","https://cdn.modrinth.com/data/UT2M39wf/versions/z7s54cjL/copycats-3.0.7%2Bmc.1.20.1-forge.jar","manifest: Packwiz side and declared exact hash; see validation audits for runtime proof"
"corpse-forge-1.20.1-1.0.23.jar","Corpse","both","c9ddf7d243aac2cbf88fc2fd7e71ce4470354765d602dadf0fa68105a0561cb14b482c60d9e04084845bcf2237442d913888dcfb45b392bc700b0f3470517c96","https://cdn.modrinth.com/data/WrpuIfhw/versions/7fc0hJN6/corpse-forge-1.20.1-1.0.23.jar","manifest: Packwiz side and declared exact hash; see validation audits for runtime proof"
"cozy-1.1.1-forge.jar","cozy-1.1.1-forge","both","712975301eff1e070374572d35cf94474aa8d85b0f76ddeb132e020bfbb5539654ae60c0f52eeb5b75ced567dc7bcdefc1d3d1c28734bdf1178ef37a382cc2cf","https://cdn.modrinth.com/data/Bg6Ed4OL/versions/D6K9NNUr/cozy-1.1.1-forge.jar","manifest: Packwiz side and declared exact hash; see validation audits for runtime proof"
"craftingtweaks-forge-1.20.1-18.2.9.jar","Crafting Tweaks","both","8bb7eb24d119cee809bad8f4166d18bc580ff0b20f18af4760546ec0410a70e857d063830776025acf907ff19856b5471e93db8b6d5a645c8215b73161d77207","https://cdn.modrinth.com/data/DMu0oBKf/versions/KOqT9kSZ/craftingtweaks-forge-1.20.1-18.2.9.jar","manifest: Packwiz side and declared exact hash; see validation audits for runtime proof"
"create_6_0_8_backported_fixes-1.1.0.jar","Create 6.0.8 Backported Fixes","both","cd98999593ac3970010bac8eeb44f1552306cfe1c2da5247ad510314fb03f8124ebeb00edbb7d3fca644d241a119a8cefc157984ffb1ae9796d8777fc3b2c57a","https://cdn.modrinth.com/data/Wnfo63gL/versions/9OnlwTg9/create_6_0_8_backported_fixes-1.1.0.jar","manifest: Packwiz side and declared exact hash; see validation audits for runtime proof"
"create_aquatic_ambitions-1.20.1-6.0.8-2.0.2.jar","Create: Aquatic Ambitions","both","76924000b2126b637ccd9f0a5ff8dd6b9cb7fee932c81fe40dde12ca031849f2f103eef029eb4fce01f5ff32458461c7884656094aa8e04d61b653750c724ea2","https://cdn.modrinth.com/data/9SyaPzp7/versions/jIvpBfZr/create_aquatic_ambitions-1.20.1-6.0.8-2.0.2.jar","manifest: Packwiz side and declared exact hash; see validation audits for runtime proof"
"create_ca-2.2 - 1.20.1.jar","Create: Components and Additions","both","ec145dc4c5812354103505f7196797a9922aad1a54e38948e171125154c517b0148fb3783d45a454f79db450adb3b85e679677c3ceebf6d6e601d5ce5a62ba62","https://cdn.modrinth.com/data/exLPXAoq/versions/U8okwTMH/create_ca-2.2%20-%201.20.1.jar","manifest: Packwiz side and declared exact hash; see validation audits for runtime proof"
"create_central_kitchen-1.20.1-for-create-6.0.8-1.5.0.jar","Create: Central Kitchen","both","b3ee7c77f6633049c3090e2123bf85c46e9fb81796227e56a50c8fe4bcf68582605624813e8b10e771e9eb19693a1be66f008fe151163fbe34e81df1edac19d0","https://cdn.modrinth.com/data/btq68HMO/versions/Z4kwyYKV/create_central_kitchen-1.20.1-for-create-6.0.8-1.5.0.jar","manifest: Packwiz side and declared exact hash; see validation audits for runtime proof"
"create_compatible_storage-2.13.0-mc1.20.1-forge-all.jar","Create: Compatible Storage","both","13c6b4c77a73eba4ee181bf5a266a244628c96169ea3d9e62ed43e1cbd2584a21fd3ff294f2b4d8ed110bc9e8593a7f87c64830046823f6db28dc89f897aa549","https://cdn.modrinth.com/data/5ofroZ5W/versions/XvfwEd3J/create_compatible_storage-2.13.0-mc1.20.1-forge-all.jar","manifest: Packwiz side and declared exact hash; see validation audits for runtime proof"
"create_connected-1.2.3-mc1.20.1-all.jar","Create: Connected","both","eed01b0d7c96b023bf838208819f52d57606089ce6c1f0e824b212bb53b4e00e35d7d3c7066f125e541799b64c0766b526045ced59bb0dbdce9a7075ab3bdfce","https://cdn.modrinth.com/data/Vg5TIO6d/versions/6gnvaVkN/create_connected-1.2.3-mc1.20.1-all.jar","manifest: Packwiz side and declared exact hash; see validation audits for runtime proof"
"create_enchantment_industry-1.4.1-for-create-6.0.8.jar","Create: Enchantment Industry","both","df13070cad7b477d9eab24fdee9af4fddf8b7183a103e5b00efc7def0107ad075159abf1ca551e4270724197070f78f11bd6da3bb630a84341f9c85dcc0207b3","https://cdn.modrinth.com/data/JWGBpFUP/versions/caLmFTZ1/create_enchantment_industry-1.4.1-for-create-6.0.8.jar","manifest: Packwiz side and declared exact hash; see validation audits for runtime proof"
"create-1.20.1-6.0.8.jar","Create","both","5b51f5d31437d9bfbf221b67459abd87260d284874e1e23b7ed1d522b23a48059a3b1d2c1c541428da35dc6be15561b4f3c7f36aac6df3a0e8db6a278f6b0316","https://cdn.modrinth.com/data/LNytGWDc/versions/8amzvn9x/create-1.20.1-6.0.8.jar","manifest: Packwiz side and declared exact hash; see validation audits for runtime proof"
"createdeco-2.0.3-1.20.1-forge.jar","Create Deco","both","50b7e9bb7b09d720160b2491528f2ab751ad2299541be75cc6941e6b6c3d2d40faff5c5fa07a1bea9e3f43b73146ef6e0fdf6a106e65246b9767dd81053766bf","https://cdn.modrinth.com/data/sMvUb4Rb/versions/e9gaSRMd/createdeco-2.0.3-1.20.1-forge.jar","manifest: Packwiz side and declared exact hash; see validation audits for runtime proof"
"createultimine-1.20.1-forge-1.3.1.jar","Create Ultimine","both","a15117e6ff74661325aaa611e7385434b67376fef0663edd249f1efb56b1342dfbac97cd369b4bcb6be98e92596dfd8f8194d53f704bbc13615e2b09a99bce72","https://cdn.modrinth.com/data/vUE54e5E/versions/v1WWGazc/createultimine-1.20.1-forge-1.3.1.jar","manifest: Packwiz side and declared exact hash; see validation audits for runtime proof"
"CreativeCore_FORGE_v2.12.39_mc1.20.1.jar","CreativeCore","both","6eb47ce94e00d2321deed8c646b81f0463b8a42e628fdfb07f3792c4bcb15fa7638ad3e52e332a0819c14a1346d71b6496dda64094f6b626a2dbfba0fba2d021","https://cdn.modrinth.com/data/OsZiaDHq/versions/m9VEcxwz/CreativeCore_FORGE_v2.12.39_mc1.20.1.jar","manifest: Packwiz side and declared exact hash; see validation audits for runtime proof"
"creeperoverhaul-3.0.2-forge.jar","Creeper Overhaul","both","ce8b526b0d673566ee1aecfe14521818b183d73dafde838b7b4a9376e629cb2bf3d36219c8a03e974c8d93550d387a3ea1e33b9ca64c26cd934ded937d065d94","https://cdn.modrinth.com/data/MI1LWe93/versions/Ap1DSAzz/creeperoverhaul-3.0.2-forge.jar","manifest: Packwiz side and declared exact hash; see validation audits for runtime proof"
"cristellib-1.1.6-forge.jar","Cristel Lib","both","8d5c8bb59be56c49ef0fcc3593862ad09862210e5099f39bf66c29c73f1b54b637ec6e6fa01b2e1409dafe4cc3e2f2e43d9c6113c78372f49d7c2ff71d056ca0","https://cdn.modrinth.com/data/cl223EMc/versions/DOsSK4NK/cristellib-1.1.6-forge.jar","manifest: Packwiz side and declared exact hash; see validation audits for runtime proof"
"crittersandcompanions-forge-1.20.1-2.6.2.jar","crittersandcompanions-forge-1.20.1-2.6.2","both","e8582730b81615e244969311f192942e7aa4153f2799614720d252ef7a386668e263027bfdc31492d55de683c7eebbfc1e5791f300687ac7d542a746626a66d4","https://cdn.modrinth.com/data/Yd4wb5wZ/versions/RKEWLFE4/crittersandcompanions-forge-1.20.1-2.6.2.jar","manifest: Packwiz side and declared exact hash; see validation audits for runtime proof"
"curios-forge-5.14.1+1.20.1.jar","Curios API","both","1373f95fd111c977db2f6adcef8e4eb486a2d926a3e17374692dee4ac3d65857de6446c16922b531aa5ace2c23c666a7fcc28c720b2917c1e04808d15648ba87","https://cdn.modrinth.com/data/vvuO3ImH/versions/IPQlZkz1/curios-forge-5.14.1%2B1.20.1.jar","manifest: Packwiz side and declared exact hash; see validation audits for runtime proof"
"decorative_blocks-forge-1.20.1-4.1.3.jar","Decorative Blocks","both","e48dae175eb053ce0f7035e634264f8e84e60560609a5e0391bff01c3e584e6c0fa28fd88fde852b674876b8e21f923444c9ad2726326e337da2d69af0261a70","https://cdn.modrinth.com/data/t6BIRVZn/versions/nGmyeiug/decorative_blocks-forge-1.20.1-4.1.3.jar","manifest: Packwiz side and declared exact hash; see validation audits for runtime proof"
"deeperdarker-forge-1.20.1-1.3.3.jar","Deeper and Darker","both","fcf08e2d1bfb0bf40120f426826b25e6d483a83cf7f04d221798bcc8cb46cedb9065dc5c0d33213f5c708cebd0081aba4ca7265fcd96c76b16d2f99bd4297aae","https://cdn.modrinth.com/data/fnAffV0n/versions/e2oirgc2/deeperdarker-forge-1.20.1-1.3.3.jar","manifest: Packwiz side and declared exact hash; see validation audits for runtime proof"
"deimos-1.20.1-forge-2.7.jar","Deimos Lib","both","5f133c28fe0fec5d9b851a02f2686cf50f14fe5112b76d89b6012bbf9b83c8a6d1d7d177b42aec260f37b366c00dc872f828035d101892a5b648fd5f9f74e355","https://cdn.modrinth.com/data/WQaxNzFg/versions/kvQsIOHl/deimos-1.20.1-forge-2.7.jar","manifest: Packwiz side and declared exact hash; see validation audits for runtime proof"
"Display Case-forge-1.20-1.0.8.jar","Display Case","both","59de0ad0cddb751919d8a4e0b7caf39cc6e9fa3a0449e23f896b4798c78f209c795b006e6c262e971bc61c13e147472122f07ab510e595c69a72368a00c57d9c","https://cdn.modrinth.com/data/cSIsh4gX/versions/DQDfQ22z/Display%20Case-forge-1.20-1.0.8.jar","manifest: Packwiz side and declared exact hash; see validation audits for runtime proof"
"DistantHorizons-3.2.0-b-1.20.1-fabric-forge.jar","DistantHorizons-3.2.0-b-1.20.1-fabric-forge","both","1ecd2b58f026d09154b6d678ecea9452f22c8a9704f8dfb6cc7d64cf6b6f88118ba4284c7537f50107f34ee320dd2c6fc1adbbce2ef0e6a8d2db6783a60c5b93","https://cdn.modrinth.com/data/uCdwusMi/versions/FWGxbEM3/DistantHorizons-3.2.0-b-1.20.1-fabric-forge.jar","manifest: Packwiz side and declared exact hash; see validation audits for runtime proof"
"DoggyTalentsNext-1.20.1-1.19.0.jar","DoggyTalentsNext-1.20.1-1.19.0","both","e41bb7e6536e7837b9565320a0ff361c25d35cbd1186d9f8f5eeaee394fe9d102d4c907a90be2dcb56b93d7e196c67f51b5b3a226d987b2efd917b79796bee23","https://cdn.modrinth.com/data/oXgmplvv/versions/HqnbVXiN/DoggyTalentsNext-1.20.1-1.19.0.jar","manifest: Packwiz side and declared exact hash; see validation audits for runtime proof"
"domesticationinnovation-1.7.1-1.20.1.jar","Domestication Innovation","both","3d6c4f0259ce504578a5dceb47c61a03784b77e15408b2c57252a82d03dd74cb5ffabfd3234b5ad365e169419dec7bef49d23ac737e2d508f8f51ecf387ecea9","https://cdn.modrinth.com/data/h5JyLdjM/versions/SGxCLghg/domesticationinnovation-1.7.1-1.20.1.jar","manifest: Packwiz side and declared exact hash; see validation audits for runtime proof"
"doubledoors-1.20.1-7.2.jar","Double Doors","both","335774b5052d6b557c1e6b93197e1f4c19b9f1edeca7482d1e87d03a95a6e34588554481b299238938dbdaf6159594da544874e51dc96f27ca7d4cef62d76897","https://cdn.modrinth.com/data/JrvR9OHr/versions/JxWWE54a/doubledoors-1.20.1-7.2.jar","manifest: Packwiz side and declared exact hash; see validation audits for runtime proof"
"DragN_Bettas-1.20.1-1.3.jar","DragN's Bettas & Aquatics!","both","a244cdb0ddd4df6b1d97e727c5cf54785d704c7edf81d784755c9cbc3344598725e2870109450e4e1c7a14bcac9088ba048cbcbe0d86ea35c774a030e213f66c","https://cdn.modrinth.com/data/YHaYBCno/versions/5hBmyjZL/DragN_Bettas-1.20.1-1.3.jar","manifest: Packwiz side and declared exact hash; see validation audits for runtime proof"
"dungeons_plus-1.20.1-1.5.0.jar","dungeons_plus-1.20.1-1.5.0","both","bc55d019b7cc0b01c42cc4fa625e79594a5722f93fc5427c098b1fe074e2b46efceefb41d6b7948057774f3345953d79d1e2224596c8f8c55d3c369bc2eb2506","https://cdn.modrinth.com/data/5fNJnSba/versions/PmMZr5jQ/dungeons_plus-1.20.1-1.5.0.jar","manifest: Packwiz side and declared exact hash; see validation audits for runtime proof"
"dungeons-and-taverns-3.0.3.f.jar","Dungeons and Taverns","both","66008a7439fde95270350433adbff7b74944ad97e216ad165d11b3a023647a8cd18c17aa12ded2a58fa793ff29433e9bcbbd55e6ffd5a3af44f72c1ea12c1089","https://cdn.modrinth.com/data/tpehi7ww/versions/ojHpWOrz/dungeons-and-taverns-3.0.3.f.jar","manifest: Packwiz side and declared exact hash; see validation audits for runtime proof"
"EasyAnvils-v8.0.2-1.20.1-Forge.jar","Easy Anvils","both","2b4715538b2e78bd86fbd05ebd07b7da2c7fa00d6e9653f6fcfad7f1fc59edb495f54164a8e2a48ed97b1722388b11729221775d798c8de9e92fb73e07f01e14","https://cdn.modrinth.com/data/OZBR5JT5/versions/4pRdDqEb/EasyAnvils-v8.0.2-1.20.1-Forge.jar","manifest: Packwiz side and declared exact hash; see validation audits for runtime proof"
"EasyMagic-v8.0.1-1.20.1-Forge.jar","Easy Magic","both","ac4bc9cbca15e4b07361a84d90357e53edb0d9e336f16138b0644545061299c51c9b4af1554fac0e5f891021035b0bcd9e4b57c39ee9188324b6bca9d63cd90f","https://cdn.modrinth.com/data/9hx3AbJM/versions/W2xPEG9I/EasyMagic-v8.0.1-1.20.1-Forge.jar","manifest: Packwiz side and declared exact hash; see validation audits for runtime proof"
"eatinganimation-1.20.1-5.1.0.jar","Eating Animations","client","ca94f5f4f93606da8872012b450caeb64cc1d5697f5dc758e416d62e83f2f70cbc4a81dfc3951a2b80d9a9ee0d0ecd41c3e4c837fe4d418b524216e58d2064e3","https://cdn.modrinth.com/data/X8CISwXp/versions/WqBpsYBv/eatinganimation-1.20.1-5.1.0.jar","manifest: Packwiz side and declared exact hash; see validation audits for runtime proof"
"ecologics-forge-1.20.1-2.2.7.jar","Ecologics","both","ab714a2b2b2f50611f895ccae8d63e65c7457d3a203a920b06868c7c2c9bcab4f7f82c7d48257f02ea46aa9fef4a4ddcb45d64c95ebc642fac8aa0425c693831","https://cdn.modrinth.com/data/NCKpPR0Z/versions/jB0V9NeZ/ecologics-forge-1.20.1-2.2.7.jar","manifest: Packwiz side and declared exact hash; see validation audits for runtime proof"
"embeddium-0.3.31+mc1.20.1.jar","Embeddium","client","ffbf2da4685260a4d5c14c621708bd20722563f084f042d3dfb0a7b87f048e39299648c854a93939129da0d23a15a91ec628560d601e76074b08e275f6e132e9","https://cdn.modrinth.com/data/sk9rgfiA/versions/UTbfe5d1/embeddium-0.3.31%2Bmc1.20.1.jar","manifest: Packwiz side and declared exact hash; see validation audits for runtime proof"
"EnchantmentDescriptions-Forge-1.20.1-17.1.21.jar","Enchantment Descriptions","client","5581f7d706809f079bb1847637c8ce8f9abbf0102c647960b54908e0080387702fdaedb31c87ec1e30f729051e3f7194d6ca33e3016a033bc794981b492def5e","https://cdn.modrinth.com/data/UVtY3ZAC/versions/OPgBRfTQ/EnchantmentDescriptions-Forge-1.20.1-17.1.21.jar","manifest: Packwiz side and declared exact hash; see validation audits for runtime proof"
"endermanoverhaul-forge-1.20.1-1.0.4.jar","Enderman Overhaul","both","febe0456384ecc71d1366535ac49c4852820bba19704f4f23e453f9855e1494dfe1c7d9ac617e353baf18a805bfb6fbd9728c5f0641120cd8e5d93ead0c29bd0","https://cdn.modrinth.com/data/Lq6ojcWv/versions/yjxych8u/endermanoverhaul-forge-1.20.1-1.0.4.jar","manifest: Packwiz side and declared exact hash; see validation audits for runtime proof"
"endersdelight-1.1.4.jar","endersdelight-1.1.4","both","554a74f9db3b4496fbb98bee3f456495cecdd9e9471d1f8a0de031dfff928f3903e0a76d9e3cbbc785b315833f23bf8593419d11207eb082c8a195e8fe65ad90","https://cdn.modrinth.com/data/2uEhdGKt/versions/Jaf9wxnO/endersdelight-1.1.4.jar","manifest: Packwiz side and declared exact hash; see validation audits for runtime proof"
"endrem_forge-5.3.3-R-1.20.1.jar","End Remastered","both","92aac4b5af4d69708ca2661cc628ab9a5f0f4b352601944451d3eaa1a46411b9dbfb312957a84a0b196550f9d9f1446acbc0c47e6d0a0279f1ff9df005f96438","https://cdn.modrinth.com/data/ZJTGwAND/versions/SQS2aSUl/endrem_forge-5.3.3-R-1.20.1.jar","manifest: Packwiz side and declared exact hash; see validation audits for runtime proof"
"entity_model_features-3.2.4-1.20.1-forge.jar","[EMF] Entity Model Features","client","77ca53e926822faa5069d3698618c5ee5cd01c6154e383820a989e15a0ad135ebf63c741137a39559f80b62a8a860487058ed168c25a4d840e84b248d4afa7a7","https://cdn.modrinth.com/data/4I1XuqiY/versions/VSBDdOOY/entity_model_features-3.2.4-1.20.1-forge.jar","manifest: Packwiz side and declared exact hash; see validation audits for runtime proof"
"entity_texture_features_1.20.1-forge-7.1.jar","[ETF] Entity Texture Features","client","0857b572a8695148f72eb9edc6218039ceeab8d11068fdfb567a5b1182232d7500ccccd75d6223b96ec5a5a1123910a6ebb1d9e8c8988d3cdb989797b9cc2228","https://cdn.modrinth.com/data/BVzZfTc1/versions/GQlTHleX/entity_texture_features_1.20.1-forge-7.1.jar","manifest: Packwiz side and declared exact hash; see validation audits for runtime proof"
"entityculling-forge-1.10.5-mc1.20.1.jar","Entity Culling","client","00f4d6987a7902597e6e3f178f77308d795b2e1c46a2bfdad79f718e8a7417373971b83004cbbe491582d91d1658718187383a368a813af0266ba99804746814","https://cdn.modrinth.com/data/NNAgCjsB/versions/MloBcsQQ/entityculling-forge-1.10.5-mc1.20.1.jar","manifest: Packwiz side and declared exact hash; see validation audits for runtime proof"
"EquipmentCompare-1.20.1-forge-1.3.7.jar","Equipment Compare","client","b5bcba3d91a5f278b18030160b9d74e6e8f3f0773d9de76ebef9646f4d60e57657930ab36ca63cb93bff1100c8d1ebf4a4ff35f6bbd68d41df0427fe5ee2f2dd","https://cdn.modrinth.com/data/CYSUVOdj/versions/x1lxEKIp/EquipmentCompare-1.20.1-forge-1.3.7.jar","manifest: Packwiz side and declared exact hash; see validation audits for runtime proof"
"ExplorersCompass-1.20.1-1.4.0-forge.jar","Explorer","both","cc95056c371c4588d7e5f26509f58118f2335faa6985832cb9df0814877ac8b0aee7910dc5d30953b8b3571d7b6a99d76871a22f55f8f415266185ce6ec2285e","https://cdn.modrinth.com/data/RV1qfVQ8/versions/7ZdJbCOx/ExplorersCompass-1.20.1-1.4.0-forge.jar","manifest: Packwiz side and declared exact hash; see validation audits for runtime proof"
"exposure_polaroid-forge-1.20.1-1.1.4.jar","Exposure: Polaroid","both","197b46b55ea5ab541be50eff7eeb0414328ebef36bd5e166078ee67786772c0560f3177eaa68254dd70068952c633ad1de38f2758154fb1a89cf31019f157b2c","https://cdn.modrinth.com/data/WEWiqYkW/versions/EPtwx6EP/exposure_polaroid-forge-1.20.1-1.1.4.jar","manifest: Packwiz side and declared exact hash; see validation audits for runtime proof"
"exposure-forge-1.20.1-1.9.21.jar","Exposure","both","66cac5264409cf35edc67c1f06bb0876bae664801fa1bfbcc52a17bbe4541a8f8dba27874ef2f7043b7a456e628c20a7b1c1effa54da1ce238b5530c785c0c7f","https://cdn.modrinth.com/data/hB899VmG/versions/ob6nJLBU/exposure-forge-1.20.1-1.9.21.jar","manifest: Packwiz side and declared exact hash; see validation audits for runtime proof"
"fairylights-7.0.0-1.20.1.jar","Fairy Lights","both","e07d7fa52768f4866fc36e1bd7f2120784cdd9f5a4a2b261c03634986ffbad396ddbf2cae8d4520da61810e001c95a51815e1cdf3dca84a45e5308466656b7c8","https://edge.forgecdn.net/files/4961/775/fairylights-7.0.0-1.20.1.jar","manifest: Packwiz side and declared exact hash; see validation audits for runtime proof"
"fallingleaves-1.20.1-2.1.2.jar","Falling Leaves (NeoForge/Forge)","client","462eda39b0ae6ec6c40f8c538e30a0acf343ccb0d45eb188c77ad1410cab09b607eb9e0f7b791411aca1e6224415485ee635d5b0f83647aecbf1642bdb7b29cd","https://cdn.modrinth.com/data/2JAUNCL4/versions/j5eND1ZA/fallingleaves-1.20.1-2.1.2.jar","manifest: Packwiz side and declared exact hash; see validation audits for runtime proof"
"FallingTree-1.20.1-4.3.4.jar","FallingTree","both","487cd36886cb791a3f252c90818d5c1cedeec5080a7f874b0bfafff328c8fcc9b2acee03fe40f8397355e8a2a092d2f34cb40671c786c0d9d035728c971d4e9c","https://cdn.modrinth.com/data/Fb4jn8m6/versions/NrtzFkZE/FallingTree-1.20.1-4.3.4.jar","manifest: Packwiz side and declared exact hash; see validation audits for runtime proof"
"FarmersDelight-1.20.1-1.3.2.jar","Farmer","both","3260a78e5d670792923be4d41a7f449aa3f7b4e258f390d4c388d0400e059e2e511d4aa49d9e51d39738a1dbf5507969495c651c7d59736d5b42c3f9691dc3e5","https://cdn.modrinth.com/data/R2OftAxM/versions/CsjS7EkP/FarmersDelight-1.20.1-1.3.2.jar","manifest: Packwiz side and declared exact hash; see validation audits for runtime proof"
"FastSuite-1.20.1-5.1.2.jar","FastSuite","both","5c41292a26c7a42ba462d92005afef0df80ce62714d3d47034be4a488c4632dcbf41d647a7825980008bf3970a14dd3cf181063f511231a8d55c235be0db1729","https://cdn.modrinth.com/data/roccmqou/versions/nhk4VpGm/FastSuite-1.20.1-5.1.2.jar","manifest: Packwiz side and declared exact hash; see validation audits for runtime proof"
"ferritecore-6.0.1-forge.jar","FerriteCore","both","a1960a7c03dc32d4ccaccaf28afdd9b078758bbd62d15a91d4039a83fa9397a098e89b69591f6bd5190254d9ee97e502504154b9aec764adb8c65f000b75ba2c","https://cdn.modrinth.com/data/uXXizFIs/versions/DG5Fn9Sz/ferritecore-6.0.1-forge.jar","manifest: Packwiz side and declared exact hash; see validation audits for runtime proof"
"fetzisdisplays-forge-1.1.0-1.20.1.jar","Fetzi","both","56324a733b18830f551429e1e6aedb51efa4d71abac8598dfa254d0119242e81cf21a3ac626c3a77d115499571ec30785a75f89fca68c15bc16c576ba17b0332","https://cdn.modrinth.com/data/NeiloyHm/versions/SC7n8RVn/fetzisdisplays-forge-1.1.0-1.20.1.jar","manifest: Packwiz side and declared exact hash; see validation audits for runtime proof"
"FishDisplay-2.2.0.jar","Fish Display","both","6c7d182622c3513233daefbcbb97ec2f0886c835bcd62e80f1135297e284cd7a387ef6b11bf7b37e6131f1c7ce6f5c4ef9b7014505b824fb33cc1869ab07c435","https://cdn.modrinth.com/data/TLBJkU3f/versions/Pr3WNZgG/FishDisplay-2.2.0.jar","manifest: Packwiz side and declared exact hash; see validation audits for runtime proof"
"FramedBlocks-9.4.3.jar","FramedBlocks","both","19a098bbf9ee7ee39f6b785bbce5f87b9dca58a491fa16eba2f38cfa106f37ee90c1ce56686a50adef8f5d3086e3c22a6127ed02bdf3f80d57297c8f7c1b49fc","https://cdn.modrinth.com/data/wbgfS34j/versions/lSiHA1qU/FramedBlocks-9.4.3.jar","manifest: Packwiz side and declared exact hash; see validation audits for runtime proof"
"friendsandfoes-forge-mc1.20.1-3.0.9.jar","Friends&Foes (Forge/NeoForge)","both","079c68b7a5c97e8de3daf681816d65df5510a1c025fedd8619a47974af67842aca0003d4cefe40e41cecc28b3bd3ec5696653668c42e503c624a6d9789dca04f","https://cdn.modrinth.com/data/BOCJKD49/versions/ihFi4QrR/friendsandfoes-forge-mc1.20.1-3.0.9.jar","manifest: Packwiz side and declared exact hash; see validation audits for runtime proof"
"ftb-filter-system-forge-20.0.1.jar","FTB Filter System","both","4344015842a0bec06ad25751d2dd7f63bf0c2d9346b1dee272fd3183a8bf2a6c30c9e3c0141bf586fe1b0f2add34c918e46119b8f9ef0a1d0ba127785c026211","https://edge.forgecdn.net/files/6466/153/ftb-filter-system-forge-20.0.1.jar","manifest: Packwiz side and declared exact hash; see validation audits for runtime proof"
"ftb-library-forge-2001.2.13.jar","FTB Library","both","433c890fc64b31f140cdb92c6f03f78400bcc105229d1026dbbecb027ff75a8e2f94af5b1eef083d7cf3d37a9afa176731bc59cfeb771d01738353f9f1c113bf","https://edge.forgecdn.net/files/8226/927/ftb-library-forge-2001.2.13.jar","manifest: Packwiz side and declared exact hash; see validation audits for runtime proof"
"ftb-quests-forge-2001.4.22.jar","FTB Quests","both","7ffec667d4bb73e33e1815655361c93a7564d9040af937b26035bfa3cc26f6125962f173c623eb71cf949b0b0a49181a0459648007b3054e97150bd72fcc0bf8","https://edge.forgecdn.net/files/8078/538/ftb-quests-forge-2001.4.22.jar","manifest: Packwiz side and declared exact hash; see validation audits for runtime proof"
"ftb-teams-forge-2001.3.2.jar","FTB Teams","both","45f8980fa1cfcb7cd772f6a03abb0ac680f7c502dc569839e325553dcaa9105148a2c27a214cd1f1131f6b06bca957f8dd01dfb4a1ccb8e13d49502513480cae","https://edge.forgecdn.net/files/7499/810/ftb-teams-forge-2001.3.2.jar","manifest: Packwiz side and declared exact hash; see validation audits for runtime proof"
"ftb-ultimine-forge-2001.1.8.jar","FTB Ultimine","both","57e04a50f96e533d9f92aaa26861ec78709681faf98812b666f7240cb265140f6ac0c5f28025adc4961d8e51b22f65c3eead17bdba2ea7f2929815cafbfc65e5","https://edge.forgecdn.net/files/7880/472/ftb-ultimine-forge-2001.1.8.jar","manifest: Packwiz side and declared exact hash; see validation audits for runtime proof"
"ftb-xmod-compat-forge-2.1.3.jar","FTB XMod Compat","both","4eb5aba1aff66721d19e54ceb40863684d0caab0735a9dcc04df86804ffcc19454f88ff89eb000db166aae2c1ef53ddbdadf61a62814db227638a8e86d37f2b9","https://edge.forgecdn.net/files/6402/486/ftb-xmod-compat-forge-2.1.3.jar","manifest: Packwiz side and declared exact hash; see validation audits for runtime proof"
"fusion-1.3.12-forge-mc1.20.1.jar","fusion-1.3.12-forge-mc1.20.1","client","fca993e57d1f90b6f3db719a3944593f0e6c9f1d392c993804bc5cb3e1c06793c313867132dcacac63e55554b606feb251fda296e5a18c7592df9b3e6739dd3a","https://cdn.modrinth.com/data/p19vrgc2/versions/WXAxqZ1M/fusion-1.3.12-forge-mc1.20.1.jar","manifest: Packwiz side and declared exact hash; see validation audits for runtime proof"
"geckolib-forge-1.20.1-4.8.4.jar","Geckolib","both","443a321a293e3cb92fbbc3c97a38b179a45d1db703cd7bdb123270a9e04e7b7d67d5b06cd8e77a6d4d9139e033e901b9660cccf53ad5f9beaae6d06eae68febf","https://cdn.modrinth.com/data/8BmcQJ2H/versions/aC5KMoNg/geckolib-forge-1.20.1-4.8.4.jar","manifest: Packwiz side and declared exact hash; see validation audits for runtime proof"
"GlitchCore-forge-1.20.1-0.0.1.1.jar","GlitchCore","both","f4d9ec11b9604f59552cbecf4099600e7adef993cff37af0badac29505bd47aa9615acd140ee808b51754b048c2d61e2f942f656ff391df1e080cbffdfec5112","https://cdn.modrinth.com/data/s3dmwKy5/versions/pYPZ5MNI/GlitchCore-forge-1.20.1-0.0.1.1.jar","manifest: Packwiz side and declared exact hash; see validation audits for runtime proof"
"gml-4.0.10-all.jar","GroovyModLoader (GML)","both","bd65648b8c9f9de97279a1e68013f7b2068c7bd4e045dab9c81f9a4a2b02630f5f367733fc312e4160e8c54648267b8ca6f586277d84b80923b2e1091f5a0928","https://cdn.modrinth.com/data/zg2tT2Vu/versions/s7gFqeVL/gml-4.0.10-all.jar","manifest: Packwiz side and declared exact hash; see validation audits for runtime proof"
"gottschcore-1.20.1-2.8.0.jar","GottschCore","both","a39252c7ef216346abfeebd53a35347977fed945a314c5c069891788be114add2748840b49980d03393c500a5e6478390c8eb30bd2e04b06c2befca148817dd6","https://cdn.modrinth.com/data/Pww2zMWB/versions/RD1E4KwS/gottschcore-1.20.1-2.8.0.jar","manifest: Packwiz side and declared exact hash; see validation audits for runtime proof"
"guardvillagers-1.20.1-1.6.18.jar","Guard Villagers","both","65be2dc12dfbf6731ceeff650804a92cb7b218cc4575f7658b5aa90e688bf532c61ea096f5172b427438964997385cbbf71d1d4d51cd0035fa355abb8663c915","https://cdn.modrinth.com/data/H1sntfo8/versions/jhuh3S9g/guardvillagers-1.20.1-1.6.18.jar","manifest: Packwiz side and declared exact hash; see validation audits for runtime proof"
"handcrafted-forge-1.20.1-3.0.6.jar","Handcrafted","both","d3c2eb6fad0c274d4ce9e121749252bcbc19a1b0ff5b619255a08f22e3aade51d3f3fd454712de5b1cb8242e78c2f320ab99d2c94f96f372b4089dbc66a8d78e","https://cdn.modrinth.com/data/pJmCFF0p/versions/N7wZwOFy/handcrafted-forge-1.20.1-3.0.6.jar","manifest: Packwiz side and declared exact hash; see validation audits for runtime proof"
"Iceberg-1.20.1-forge-1.1.25.jar","Iceberg","both","8612097a014fcd6343a092cfeddb0e9d57c5a665b9ac61603a7760d156abd048ac548db55e750b369700b0475661e554f4b92b44677edf07574d4f9ffa42558c","https://cdn.modrinth.com/data/5faXoLqX/versions/BQ8rJPXV/Iceberg-1.20.1-forge-1.1.25.jar","manifest: Packwiz side and declared exact hash; see validation audits for runtime proof"
"ImmediatelyFast-Forge-1.5.5+1.20.4.jar","ImmediatelyFast-Forge-1.5.5+1.20.4","client","8fab0605880f6b3875dc6d9d7bc8d69612a3e61a0bfc5adeac3240248715042f04885a09bc4d29383ab809cfc536dff84c6150af56ebd8f08128a1c42909c323","https://cdn.modrinth.com/data/5ZwdcRci/versions/rvsLEEZU/ImmediatelyFast-Forge-1.5.5%2B1.20.4.jar","manifest: Packwiz side and declared exact hash; see validation audits for runtime proof"
"immersive_aircraft-1.4.1+1.20.1-forge.jar","Immersive Aircraft","both","561feeababe1a75984eed66c5b62ac4bc5d1eaf6db35b8dda7295eb5d88b452b0c0170b35d7c3da4409c8253f4794ee8ffbda0b0ec59432b3d0b1736832a7867","https://cdn.modrinth.com/data/x3HZvrj6/versions/QQI7iHKf/immersive_aircraft-1.4.1%2B1.20.1-forge.jar","manifest: Packwiz side and declared exact hash; see validation audits for runtime proof"
"immersive_armors-1.7.2+1.20.1-forge.jar","Immersive Armors","both","acee2a8381577a85626217a8f7ea9bd862984cdfc8b2c81ea096bd299ea6850491f6335a9774d6c83631db1b433a8b87042f1630250d10415fc37edd2f45428e","https://cdn.modrinth.com/data/eE2Db4YU/versions/ZPdUJXFG/immersive_armors-1.7.2%2B1.20.1-forge.jar","manifest: Packwiz side and declared exact hash; see validation audits for runtime proof"
"immersive_melodies-0.7.0+1.20.1-forge.jar","immersive_melodies-0.7.0+1.20.1-forge","both","733d1d81c0514f571e0614789fb1c0670e1c20cf2b822fb0b940b6ebed45a9850e263bfa5e752eac2feac4fcb7741732197c7db356448aed369235659016cfd4","https://cdn.modrinth.com/data/TaSmHw8V/versions/lib5mPYS/immersive_melodies-0.7.0%2B1.20.1-forge.jar","manifest: Packwiz side and declared exact hash; see validation audits for runtime proof"
"immersive_paintings-0.6.13+1.20.1-forge.jar","Immersive Paintings","both","a61369c5c9b18c4830f314b96c5d2081fd5107b0d560808753e3697868ac1e95b7e962507d269b134c0987e8a6eb32feb25358f2ce1d7a1e218db01914bd4022","https://cdn.modrinth.com/data/6txNkua3/versions/DYpJU8lA/immersive_paintings-0.6.13%2B1.20.1-forge.jar","manifest: Packwiz side and declared exact hash; see validation audits for runtime proof"
"immersive_weathering-1.20.1-2.0.5-forge.jar","Immersive Weathering","both","4715d06078855f65d585530453deed62ca55e66ed9455e56dff77294a17c5106ab7aa9d117f34629d4d7b420b1b6e379b8d60e231d6327a9cb0a847aabab0e33","https://cdn.modrinth.com/data/jkskOO9i/versions/Fl2lADP9/immersive_weathering-1.20.1-2.0.5-forge.jar","manifest: Packwiz side and declared exact hash; see validation audits for runtime proof"
"Incendium_1.20.x_v5.3.5.jar","Incendium_1.20.x_v5.3.5","both","04944dcbf3aa7ee8ea8785549e00f74a417ca17aa5760593e39090733ab0a9e38ebce078e4f5af544030759a5459c371003601ff5a7feebbc09765f8c712bb25","https://cdn.modrinth.com/data/ZVzW5oNS/versions/uUqarp2H/Incendium_1.20.x_v5.3.5.jar","manifest: Packwiz side and declared exact hash; see validation audits for runtime proof"
"inventoryessentials-forge-1.20.1-8.2.18.jar","Inventory Essentials","both","e2f96fe07bed3576aced533487f0c88dfe5b24b2f22841caff558cb69d7b5a0da1f1fe61da382fa49daf8ce8d098a440328f2e5cb7c1ffab1871bb0b949cf030","https://cdn.modrinth.com/data/Boon8xwi/versions/lymlfcUI/inventoryessentials-forge-1.20.1-8.2.18.jar","manifest: Packwiz side and declared exact hash; see validation audits for runtime proof"
"Jade-1.20.1-Forge-11.13.3.jar","Jade-1.20.1-Forge-11.13.3","both","72025c4ad6d26522bafe3d5d6ac9d4702c006a868312cb34df8a7a2398a4618205839607b129c167fd176e58cb7655f08e3afbf1993925c80d4fcc559c45a037","https://cdn.modrinth.com/data/nvQzSEkH/versions/xJQHCmWJ/Jade-1.20.1-Forge-11.13.3.jar","manifest: Packwiz side and declared exact hash; see validation audits for runtime proof"
"JadeAddons-1.20.1-Forge-5.5.1.jar","Jade Addons (Neo/Forge)","both","24eb1ca5c13003487b959199dfc70422c373c65aaf12f2dfaab17adbad25303cb735203b43faa353597568615f31f867e7c33d8b213f4bec447df62c6be828f7","https://cdn.modrinth.com/data/xuDOzCLy/versions/l9IrZYLt/JadeAddons-1.20.1-Forge-5.5.1.jar","manifest: Packwiz side and declared exact hash; see validation audits for runtime proof"
"jamlib-forge-1.3.6+1.20.1-patch.1.jar","JamLib","both","0ff2c1871cf5bf66ae92c0a02fd8c800e22361f1c150db3d07905cfa5f884e1114579e9f9cd8cfd793bc71e6b49983d23af3862ffa9a5a2099939f9552a0896b","https://cdn.modrinth.com/data/IYY9Siz8/versions/PDIowNff/jamlib-forge-1.3.6%2B1.20.1-patch.1.jar","manifest: Packwiz side and declared exact hash; see validation audits for runtime proof"
"jei-1.20.1-forge-15.49.0.188.jar","jei-1.20.1-forge-15.49.0.188","both","7e7b26379f43a76c091697be92ba4ebd059be4c5fc8a60f1e93a2092002097ce47ad5245ef35fb37b123bb61a0e6d3a96ba4aac9ef3b013fc7a6954577d9a2e5","https://cdn.modrinth.com/data/u6dRKJwZ/versions/hVXQAD0D/jei-1.20.1-forge-15.49.0.188.jar","manifest: Packwiz side and declared exact hash; see validation audits for runtime proof"
"JustEnoughProfessions-forge-1.20.1-3.0.1.jar","Just Enough Professions (JEP)","client","b1637b0cd3cf8062cada8a13e7d49ed15b7a2ff6c1502c8ba044c2c7cad3c07f1312d50f997405da658695b0e7ddcb916074b5c2da23db36b5391ae88a94d80e","https://cdn.modrinth.com/data/kB56GtWA/versions/ANKVJC3T/JustEnoughProfessions-forge-1.20.1-3.0.1.jar","manifest: Packwiz side and declared exact hash; see validation audits for runtime proof"
"JustEnoughResources-1.20.1-1.4.0.247.jar","Just Enough Resources (JER)","client","84568db84d4486e70ddd06c280b6ec69657d53e99cdd1d974db40bf53397ce2fd371e8dd0567fd06f757f2bb6e802a5c54de73f70033f9236dad04b316d33462","https://cdn.modrinth.com/data/uEfK2CXF/versions/jW52tbTk/JustEnoughResources-1.20.1-1.4.0.247.jar","manifest: Packwiz side and declared exact hash; see validation audits for runtime proof"
"justzoom_forge_2.1.1_MC_1.20.1.jar","Just Zoom","client","f74d01e2085f3242029dfc4dc0b49599679e36334c1dc0fcb76e75f229f49705ef0538cc06004ee6e4e909c7ff027be818a4daf5cf9c7437537e6adc754d2879","https://cdn.modrinth.com/data/iAiqcykM/versions/HrSzoCLd/justzoom_forge_2.1.1_MC_1.20.1.jar","manifest: Packwiz side and declared exact hash; see validation audits for runtime proof"
"Kambrik-6.1.1+1.20.1-forge.jar","Kambrik-6.1.1+1.20.1-forge","both","6f19e23f0ec7f542e71d95239a322f5453cb50e6890f95c9152472cc7629b28fdcf3e4eab5a00bc768f893238fd65cd91230b5ecb8debc14b30d6721b5b0923d","https://cdn.modrinth.com/data/zfbCkvdZ/versions/er56DwLJ/Kambrik-6.1.1%2B1.20.1-forge.jar","manifest: Packwiz side and declared exact hash; see validation audits for runtime proof"
"konkrete_forge_1.8.0_MC_1.20-1.20.1.jar","Konkrete","both","df79a0c64da14ca2b27dc04a72d85ce5c8e7c498e7b72da4d7bfddd592bb4bac165e70afe33fac97446e4996fffd8003350df07ede2a77233dddec77b8ff0ee7","https://cdn.modrinth.com/data/J81TRJWm/versions/skYziQQL/konkrete_forge_1.8.0_MC_1.20-1.20.1.jar","manifest: Packwiz side and declared exact hash; see validation audits for runtime proof"
"kotlinforforge-4.12.0-all.jar","Kotlin for Forge","both","767f40030ed4b370a3838fa65ae1b79974f31979342fff7cc834a0d5f39eb28612642519352ff2a1dd5226ce1f745f8b3156ee3625ffde01219137d064c1ee40","https://cdn.modrinth.com/data/ordsPcFz/versions/Zsh14XeQ/kotlinforforge-4.12.0-all.jar","manifest: Packwiz side and declared exact hash; see validation audits for runtime proof"
"labels-1.20-2.0.0.jar","Storage Labels","both","a069d8670bc6747b446bf2de1b917145112b33ab0734983bcb6810a984d026a5edb28f75a3424dbccc3299d2ffe08513c5668aa5c3658ee7a696f692ad30f3fd","https://cdn.modrinth.com/data/x6r7yhfi/versions/euTZP75U/labels-1.20-2.0.0.jar","manifest: Packwiz side and declared exact hash; see validation audits for runtime proof"
"LeavesBeGone-v8.0.0-1.20.1-Forge.jar","Leaves Be Gone","both","7e209ccfcc438bec934556132ec7bb48dcf7db55611fd0e26a72f19b6a7c07e8a5103408e5e2d46b825979944a2208ba5dc28b95a0e3c4f6a78d8494e1d9780a","https://cdn.modrinth.com/data/AVq17PqV/versions/slScQFdb/LeavesBeGone-v8.0.0-1.20.1-Forge.jar","manifest: Packwiz side and declared exact hash; see validation audits for runtime proof"
"letmedespawn-1.20.x-forge-1.5.0.jar","Let Me Despawn","both","22e5e7a3e4eb1e238ff420108f6fb138e2fc47335a8fbe4cef093cef32d7aaf710de00ba0450bfee570aa2857989b0e9d7abb8600720386e185ffac5670505c1","https://cdn.modrinth.com/data/vE2FN5qn/versions/1VmupN41/letmedespawn-1.20.x-forge-1.5.0.jar","manifest: Packwiz side and declared exact hash; see validation audits for runtime proof"
"letsdo-herbalbrews-forge-1.0.12.jar","letsdo-herbalbrews-forge-1.0.12","both","68db55593718c1998f06eb023cef456106a7f8c357288af1036c303fc9a9bb0018b19bef159e004c0b60ed20eed9fbb3107f0f5b3035d682111b92c0f4cdd86c","https://cdn.modrinth.com/data/Eh11TaTm/versions/qKfEj2BA/letsdo-herbalbrews-forge-1.0.12.jar","manifest: Packwiz side and declared exact hash; see validation audits for runtime proof"
"lootr-forge-1.20-0.7.35.94.jar","Lootr","both","a04c6371376bfdac2b10cbb2bb9af7ded10ac26faaeb252b59aab2f02c2b2064c2c4ab665fb6ea218243e89d6f237d878c6951638bb948edead2c0a604dd023a","https://cdn.modrinth.com/data/EltpO5cN/versions/mWTXC1ZX/lootr-forge-1.20-0.7.35.94.jar","manifest: Packwiz side and declared exact hash; see validation audits for runtime proof"
"Luminous Butterflies V1.2.1 - Forge 1.20.1.jar","Luminous: Butterflies","both","ce991daaa5b34b643fa3e0ae4e6eb8c83d8180048a8023d745a1bb9708dd06973e6f9c3360ccda1ee53ad10bed0ce0e2fffc124f6ef53df5493079918251ec31","https://cdn.modrinth.com/data/yoTUVxcS/versions/y0a4N3Co/Luminous%20Butterflies%20V1.2.1%20-%20Forge%201.20.1.jar","manifest: Packwiz side and declared exact hash; see validation audits for runtime proof"
"make_bubbles_pop-0.3.0-forge-mc1.19.4-1.20.4.jar","Make Bubbles Pop","client","6ab26e1d12a167feb9f70aacbf8acf31cadd0c67a19403bc9e8e0a32c162431a84fade26b55c1fd56affe4b3546a216462903217a66a05256f55e8db661e58b6","https://cdn.modrinth.com/data/gPCdW0Wr/versions/B7ndPMxE/make_bubbles_pop-0.3.0-forge-mc1.19.4-1.20.4.jar","manifest: Packwiz side and declared exact hash; see validation audits for runtime proof"
"Mantle-1.20.1-1.11.104.jar","Mantle","both","4b05eb01769d3cc299dbfc94c2d4f8d76192e839b53bf83109dd5e72d0dae67f188ffcdefb4683b073fc78fc19e86d84e04023f6ad7542e628817fabacf6db78","https://cdn.modrinth.com/data/Cg6Uc79H/versions/SOJzuYxC/Mantle-1.20.1-1.11.104.jar","manifest: Packwiz side and declared exact hash; see validation audits for runtime proof"
"mcw-bridges-3.1.2-mc1.20.1forge.jar","Macaw","both","931fa9077b5a7b286de7c08bf885e393c5632ebb499b0ff5a8d0dfe8b39edd42f6705f51e5755af7dc6a74eb08023ebf2001fe87d064aa9584057d52714815ce","https://cdn.modrinth.com/data/GURcjz8O/versions/KImk0Oo1/mcw-bridges-3.1.2-mc1.20.1forge.jar","manifest: Packwiz side and declared exact hash; see validation audits for runtime proof"
"mcw-doors-1.1.5-mc1.20.1forge.jar","Macaw","both","dc9180f0cfb049907be62a3d6429b7c469b4d7a44c1c5a8b9617aa673843f880c354febf22a22d4a995ea2ec9e5a75bb4628dc499bfb4a199b2b9e6a9ba39e26","https://cdn.modrinth.com/data/kNxa8z3e/versions/n8BlIUm3/mcw-doors-1.1.5-mc1.20.1forge.jar","manifest: Packwiz side and declared exact hash; see validation audits for runtime proof"
"mcw-lights-1.1.5-mc1.20.1forge.jar","Macaw","both","7da79e0c8fd7e0ac75aaf27a67b02f5d828b1d16d0c7536b65c9e0937f692b500bf90ea18ba8912d375d94fc271ba31897c0fa58e29dad4b76be67cb9a525d95","https://cdn.modrinth.com/data/w4an97C2/versions/H1a9Tx4h/mcw-lights-1.1.5-mc1.20.1forge.jar","manifest: Packwiz side and declared exact hash; see validation audits for runtime proof"
"mcw-mcwfences-1.2.1-mc1.20.1forge.jar","Macaw","both","092afb73ed251fb4261c537bebe1a01bb3e6a96775f4a2244ec21927486955fe240e053ec23b6b575a994ef80e70a27130beb92f3de6ddf71b1d06ddeeba53ef","https://cdn.modrinth.com/data/GmwLse2I/versions/HnyfcyJ9/mcw-mcwfences-1.2.1-mc1.20.1forge.jar","manifest: Packwiz side and declared exact hash; see validation audits for runtime proof"
"mcw-mcwwindows-2.4.2-mc1.20.1forge.jar","Macaw","both","904a1aba082944f14dd012704b5867e1da2ba51e0139c209c7dcd0303bb170f05d78626027dceec2a2d6cf607f6f1324646637d32d12bc085617d9e60fd9072c","https://cdn.modrinth.com/data/C7I0BCni/versions/SSIlzrPf/mcw-mcwwindows-2.4.2-mc1.20.1forge.jar","manifest: Packwiz side and declared exact hash; see validation audits for runtime proof"
"mcw-roofs-2.3.2-mc1.20.1forge.jar","Macaw","both","ff7d8be7efb2c427dba8898ed181804b93d2d7523227a190a4c100370f485e5e734c83930b6888652c9469bf01b89a3c7fd2cd00e37c5b6021ec9bd3aa6ea3e3","https://cdn.modrinth.com/data/B8jaH3P1/versions/31e80GhE/mcw-roofs-2.3.2-mc1.20.1forge.jar","manifest: Packwiz side and declared exact hash; see validation audits for runtime proof"
"mint-lib-0.4.0.jar","MINT Lib","both","8741da0123cd4bd89ecfa35e167d9ec34d0469212985d712a6e4156424d8155f2206a77ce1300d4f51f84b3bcf2c17d66824344650abbe98a00b486271df1f5c","https://cdn.modrinth.com/data/dNaBx7Ep/versions/KcvMTH2U/mint-lib-0.4.0.jar","manifest: Packwiz side and declared exact hash; see validation audits for runtime proof"
"MobLassos-v8.0.1-1.20.1-Forge.jar","Mob Lassos","both","4ff6bb79444e9188c6d93849b5082855a3f5a306e0b72fb6b39c5ada418de4d266b38a04a5b9613545792e1fc6b0040fd6398d9bb98a6529929395348f2d5db9","https://cdn.modrinth.com/data/ftOBbnu8/versions/9ocXWaBc/MobLassos-v8.0.1-1.20.1-Forge.jar","manifest: Packwiz side and declared exact hash; see validation audits for runtime proof"
"modernfix-forge-5.27.72+mc1.20.1.jar","modernfix-forge-5.27.72+mc1.20.1","both","e0ee879d3a5a79f54594ca0bbf2882c91a6432b768794a4134b18eec814dad1e087695568cc691e5efb76474d1e724196ddc6f53d20b2e5dc7ba7311d8d52172","https://cdn.modrinth.com/data/nmDcB62a/versions/X5IBt7e3/modernfix-forge-5.27.72%2Bmc1.20.1.jar","manifest: Packwiz side and declared exact hash; see validation audits for runtime proof"
"moonlight-1.20-2.16.34-forge.jar","Moonlight Lib","both","a83c960d783314f1d423a16225f92835429e1276ae0549698cf3560afae8ba05a0c54694e048d3fc05188216414fb268838992e480648e1e568e58c29eb995da","https://cdn.modrinth.com/data/twkfQtEc/versions/43kjMXMx/moonlight-1.20-2.16.34-forge.jar","manifest: Packwiz side and declared exact hash; see validation audits for runtime proof"
"more_villargers-2.5.8-forge-1.20.1.jar","More Villagers","both","8b122ffbc8e69063257fe9b89251a32ed22d7e848ca2ee34aecde019037ef61517006d5f484d94f77c8df4a25fc3f8299fb5d134027cc2beb19a7c08d4bd0633","https://cdn.modrinth.com/data/ghTSyem0/versions/3BzuQynG/more_villargers-2.5.8-forge-1.20.1.jar","manifest: Packwiz side and declared exact hash; see validation audits for runtime proof"
"morehitboxes-forge-1.20.1-1.9.2.jar","More Hitboxes","both","4540869971009de3cc2c895a61fa1b84a715245202788df7124b6f5a31b82ca9854a2f1a8f14e8033d24669557cf31469d7ce61a0a4c68e90f3cfb83acc007f9","https://cdn.modrinth.com/data/BOVAW87Z/versions/dPJQUPu9/morehitboxes-forge-1.20.1-1.9.2.jar","manifest: Packwiz side and declared exact hash; see validation audits for runtime proof"
"moremobvariants-forge+1.20.1-1.3.0.1.jar","More Mob Variants","both","89533a181f491452c306f29ffbae175fe5aae4912ec58199c93d2e5479b3b7db6525fc1261380b9ff2ce0b114520180e66ef52dd192d3d7258aff43af5eac86e","https://cdn.modrinth.com/data/JiEhJ3WG/versions/qtpseir7/moremobvariants-forge%2B1.20.1-1.3.0.1.jar","manifest: Packwiz side and declared exact hash; see validation audits for runtime proof"
"MouseTweaks-forge-mc1.20.1-2.25.1.jar","Mouse Tweaks","client","a3bb0272c0a1a3be9250dfee030bb8f86217fa6a32bd534be8c940fdd8c466c800c2df85874877983ced36ecfc28c8ced6c0d42107c1ab621385b4be9a7c65eb","https://cdn.modrinth.com/data/aC3cM3Vq/versions/7JVXOe3K/MouseTweaks-forge-mc1.20.1-2.25.1.jar","manifest: Packwiz side and declared exact hash; see validation audits for runtime proof"
"mowziesmobs-1.8.2.jar","Mowzie","both","c1c5f7b8cba4dbbe57f8eb7150bea94a72076ef4ae923adf7fe1147eef703e4fedc7914a12d51fb4152faccaad94c4053ce3ff21cca8905bf2da17de61db43b0","https://cdn.modrinth.com/data/BFbX9xcm/versions/acYEfsJa/mowziesmobs-1.8.2.jar","manifest: Packwiz side and declared exact hash; see validation audits for runtime proof"
"naturalist-5.0pre3+forge-1.20.1.jar","Naturalist","both","6a03e808a1cf88ef4208af58e39858ae501b0746b99c9d39273c414f9fe7db6751444c32b749beedc184deff4bfae10ed23e6143b83b03113c56320844a577db","https://cdn.modrinth.com/data/F8BQNPWX/versions/Cx95h37p/naturalist-5.0pre3%2Bforge-1.20.1.jar","manifest: Packwiz side and declared exact hash; see validation audits for runtime proof"
"NaturesCompass-1.20.1-1.12.0-forge.jar","Nature","both","885671553f322c3125557343a66260b0723e6ad474d6786b1f252712162fee6175666f6ec640969dd9e0e09a26e95a69c3ab3626d78341644d3c0c86a244939c","https://cdn.modrinth.com/data/fPetb5Kh/versions/eRSDvCjN/NaturesCompass-1.20.1-1.12.0-forge.jar","manifest: Packwiz side and declared exact hash; see validation audits for runtime proof"
"neapolitan-1.20.1-5.1.0.jar","neapolitan-1.20.1-5.1.0","both","490fd228c449922e71d942b3886473a0873b131e4cbe4525819196aa5d453231bf2521f55ecf12630130bf5011e17a5d9cf60829128062d9841cc1f3a48c0afb","https://cdn.modrinth.com/data/InYMuiQt/versions/AC9UEwPQ/neapolitan-1.20.1-5.1.0.jar","manifest: Packwiz side and declared exact hash; see validation audits for runtime proof"
"nethersdelight-1.20.1-4.0.jar","Nether","both","3146b9438caac5e148748beed7e7f1a5e446c40ca826e476e46fb623175b2bd58c1f4a74cab4a08dd1749add5d088440217ad68dd0b800d1ac8938582d2e81b9","https://cdn.modrinth.com/data/Vv0RM7WN/versions/MTDQhZd2/nethersdelight-1.20.1-4.0.jar","manifest: Packwiz side and declared exact hash; see validation audits for runtime proof"
"notenoughanimations-forge-1.12.4-mc1.20.1.jar","Not Enough Animations","client","5245a660bad8f19dc5b69c0d173c92a50ec4d223cacf8809011f88eb798462a41376cf85733cb367983ca9ef97a191caf44e2ca0383c72117f586224bcace1fe","https://cdn.modrinth.com/data/MPCX6s5C/versions/buSDqSfQ/notenoughanimations-forge-1.12.4-mc1.20.1.jar","manifest: Packwiz side and declared exact hash; see validation audits for runtime proof"
"Nullscape_1.20.x_v1.2.8.jar","Nullscape","both","fcd11f20ab1b374a219e915156c8439f2d6fcabb060406f4d0a11392f945228e1c6e375f8e9e3048ac01c3a351c88bde4327e1f958bfd5ef4ab81c178f9e35da","https://cdn.modrinth.com/data/LPjGiSO4/versions/QsRKydVt/Nullscape_1.20.x_v1.2.8.jar","manifest: Packwiz side and declared exact hash; see validation audits for runtime proof"
"obscure_api-18.jar","Obscure API","both","c266efd30b8814166b457e421517c1afebdab1b3406d863acc894e778287482c2b0e63133d7fdf05c5758c480f65c008b70e6f67f82eac22c8dbb4dce5b369ce","https://cdn.modrinth.com/data/fU7jbFHc/versions/7sZmDObM/obscure_api-18.jar","manifest: Packwiz side and declared exact hash; see validation audits for runtime proof"
"oceansdelight-1.0.2-1.20.jar","Ocean","both","64ba0396d7168c73c810c8aefc135eebd7c2d5780e482fb36e96de87d0f226625b3ebb4249372b896ededa335895efda5d134846522e2e45c0a8d3a97ae2bf93","https://cdn.modrinth.com/data/DGiq4ZSW/versions/9jLLNENb/oceansdelight-1.0.2-1.20.jar","manifest: Packwiz side and declared exact hash; see validation audits for runtime proof"
"OctoLib-FORGE-0.5.0.1+1.20.1.jar","ShatterLib | OctoLib","both","e0bbe3a999f3a8c32b7dc0fd5bae61f62915dc5be40ac97a777f0784cdfaaed74b74f48cd407b9a8abb081ff331fbd272c9d4e08125f48f091435c926468d5c6","https://cdn.modrinth.com/data/RH2KUdKJ/versions/HZ7KmyXp/OctoLib-FORGE-0.5.0.1%2B1.20.1.jar","manifest: Packwiz side and declared exact hash; see validation audits for runtime proof"
"oculus-mc1.20.1-1.8.0.jar","Oculus","client","1bb4ac77400d6684347988ed298a692c2cb15cf7923693607eb8739b171a20fef7412259e9e157111d9ce21779badab386029956f7d2283a9e611722a373e9d5","https://cdn.modrinth.com/data/GchcoXML/versions/iQ1SwGc3/oculus-mc1.20.1-1.8.0.jar","manifest: Packwiz side and declared exact hash; see validation audits for runtime proof"
"packetfixer-3.3.2-1.18-1.20.4-merged.jar","Packet Fixer","both","916501acefab2a33f7b5438375dec0c3d523975d82c807c98496227c107c1efd57c95d9e1501d657513324a9ad617eb8ef7e963921263389af896da55dc707a9","https://cdn.modrinth.com/data/c7m1mi73/versions/9F4NGhGR/packetfixer-3.3.2-1.18-1.20.4-merged.jar","manifest: Packwiz side and declared exact hash; see validation audits for runtime proof"
"particlerain-4.0.0-beta.10+1.20.1-forge.jar","Particle Rain","client","65b2cf92224f3d4d4a33b2603fe4576410b5fa3bd6023711fcb8359922e15b883f5a1c1bba9756825690a752dc3a143b17f151494fe9d4bb9924dd04e3e744c8","https://cdn.modrinth.com/data/nrikgvxm/versions/t4FtGT1K/particlerain-4.0.0-beta.10%2B1.20.1-forge.jar","manifest: Packwiz side and declared exact hash; see validation audits for runtime proof"
"Patchouli-1.20.1-85-FORGE.jar","Patchouli","both","15aedda4efcc553d5e3c83aa867b62554bc2fab298b43f55ed324e10507a3605f0ec2c59c01476e6d80b2a49275ef080142e43a6e663f9463b62f520960fc203","https://cdn.modrinth.com/data/nU0bVIaL/versions/94dtOLgZ/Patchouli-1.20.1-85-FORGE.jar","manifest: Packwiz side and declared exact hash; see validation audits for runtime proof"
"Pehkui-3.8.2+1.20.1-forge.jar","Pehkui","both","e4660f0b5af6bfe2902ab39a6fbfa911856e0567bffc47842b482731da373afa4424b9e7cf47c61a0c2107445520475053709a6671d9eb4b7f4b55597729af3f","https://cdn.modrinth.com/data/t5W7Jfwy/versions/SQpqSgAE/Pehkui-3.8.2%2B1.20.1-forge.jar","manifest: Packwiz side and declared exact hash; see validation audits for runtime proof"
"PickUpNotifier-v8.0.0-1.20.1-Forge.jar","Pick Up Notifier","client","3cddd0e7cd2527bf9483c2a4a40eb1d1e650c806fdfd3bcdf55cffdcc0575ca71d56a50d8d09cca63793e3da6b22436b636702755e0644beb4b0051f039a2dda","https://cdn.modrinth.com/data/ZX66K16c/versions/LojgSWbd/PickUpNotifier-v8.0.0-1.20.1-Forge.jar","manifest: Packwiz side and declared exact hash; see validation audits for runtime proof"
"Placebo-1.20.1-8.6.3.jar","Placebo","both","c23990465e26336f476c3b05a897bcf0c8660ae7338756b325f6bf81d0dee34b609474c62293f394acac818637ab03f92c776d104c8b8e86f3786395f5c4d623","https://cdn.modrinth.com/data/tCkE8p2N/versions/6SkuAGoz/Placebo-1.20.1-8.6.3.jar","manifest: Packwiz side and declared exact hash; see validation audits for runtime proof"
"polymorph-forge-0.49.10+1.20.1.jar","Polymorph","both","c36b4c3b893fa01619cf03750878913f37b59854282cd25ff61a8a81da59f0d8f0cb42da8da1e2ab20d0d86f8e0ad6e9bdf69925d1336a03fd23dbf9b232fe87","https://cdn.modrinth.com/data/tagwiZkJ/versions/UZBKtFyR/polymorph-forge-0.49.10%2B1.20.1.jar","manifest: Packwiz side and declared exact hash; see validation audits for runtime proof"
"Presence Footsteps [FORGE] 1.0.0.jar","Presence Footsteps [FORGE]","client","a90b22b73530588330125bb52a077fb2bf1be6851e923b850f201abf9c4ec0a596b91c054ea3693b9ba6214ed19567c4484198dce1ca3d2bef35ac0801f2a9ea","https://cdn.modrinth.com/data/dLfueQtY/versions/mru6MmJT/Presence%20Footsteps%20%5BFORGE%5D%201.0.0.jar","manifest: Packwiz side and declared exact hash; see validation audits for runtime proof"
"productivebees-1.20.1-12.6.0.jar","productivebees-1.20.1-12.6.0","both","5079bf8ed7e73149a0c6f78026506f32c91ca392f402f52beb40140d7c7d08e40a27e463dc8b34d06c5f8f50599be0dd7dd71cc0b86f78d039c48424c2329951","https://cdn.modrinth.com/data/jH6iiqkd/versions/mywVOObd/productivebees-1.20.1-12.6.0.jar","manifest: Packwiz side and declared exact hash; see validation audits for runtime proof"
"PuzzlesLib-v8.1.33-1.20.1-Forge.jar","Puzzles Lib","both","4e0a6243f70a7f99bb631940bfeca49f31b13ec34f338d994fe129f0445e738ffd925e5c440f4e6bf822f9013bb8c2156de6dfcd62741d85c3ca3e8221d86a19","https://cdn.modrinth.com/data/QAGBst4M/versions/mIyVGf3d/PuzzlesLib-v8.1.33-1.20.1-Forge.jar","manifest: Packwiz side and declared exact hash; see validation audits for runtime proof"
"Quark-4.0-462.jar","Quark","both","585b182ccd51066e841141c9bc74fe8b820df86119828b7542b56771c3fcaf8bcc92f9d67f4e87736e82a45bb9166f71c015b95e230f964215290707b6475eed","https://cdn.modrinth.com/data/qnQsVE2z/versions/DijQLauD/Quark-4.0-462.jar","manifest: Packwiz side and declared exact hash; see validation audits for runtime proof"
"rechiseled-1.2.5-forge-mc1.20.1.jar","Rechiseled","both","3e09dd0b4bd4fb983698cad19a1c4ff9e9ec50c78dc3ca6f272bb54eabeb038676bc7b9ff0c7440f9b267241a3b545befa4e51aa8adc2a97f68e2ee47e53ec55","https://cdn.modrinth.com/data/B0g2vT6l/versions/yM2eLjQ4/rechiseled-1.2.5-forge-mc1.20.1.jar","manifest: Packwiz side and declared exact hash; see validation audits for runtime proof"
"rechiseledcreate-1.1.1-forge-mc1.20.jar","Rechiseled: Create","both","c654b5124e59ad80155e11754d62d4bc25b23aca9cf151afe19dd7694fb8dd60f6d8850a37053e89de7262c570580313f454080104c43da8149c72595b75caa0","https://cdn.modrinth.com/data/E6867niZ/versions/y67Ftzhj/rechiseledcreate-1.1.1-forge-mc1.20.jar","manifest: Packwiz side and declared exact hash; see validation audits for runtime proof"
"relics-1.20.1-0.8.0.13.jar","Relics","both","b3fae37b4677c9b3488b9c3059abe428c0e0b066e395120ed7936dc70fe7dd5a828c0c663d17c3a8c59fb5d5316b07427a6afe2fac39de98a12430101d25a37a","https://cdn.modrinth.com/data/OCJRPujW/versions/C7tM1LJR/relics-1.20.1-0.8.0.13.jar","manifest: Packwiz side and declared exact hash; see validation audits for runtime proof"
"repurposed_structures-7.1.24+1.20.1-forge.jar","Repurposed Structures (Neoforge/Forge)","both","a20f963f915c2281a6bf0c7fb300f2dabf644ae7a44c69df7031cb886cf221488439b326ba79b1b5c1f564c324f8ea88df462b0db79c565d074853c8bb8a2528","https://cdn.modrinth.com/data/QDNS5oAT/versions/IOFBvdFx/repurposed_structures-7.1.24%2B1.20.1-forge.jar","manifest: Packwiz side and declared exact hash; see validation audits for runtime proof"
"resourcefulconfig-forge-1.20.1-2.1.3.jar","Resourceful Config","both","2e05fe27529d00d7808a83dbe0c475a0fb96a20ebfd5c9767f4cc8dcd9a865e20a18de41fb9ed710e5cd2e0211c30303b43c1f22702af1d50ee7212ad83a54d3","https://cdn.modrinth.com/data/M1953qlQ/versions/DERs8u7v/resourcefulconfig-forge-1.20.1-2.1.3.jar","manifest: Packwiz side and declared exact hash; see validation audits for runtime proof"
"resourcefullib-forge-1.20.1-2.1.29.jar","Resourceful Lib","both","8dbe951d431545a7d18081a8b11a52a248e6d8ff9862ae6462b0f5a6f57ff523af12704c3adb071ae99a7c5c1dd895bd7875dea59f9c4956c1597a668b6e8820","https://cdn.modrinth.com/data/G1hIVOrD/versions/OhsHaCcW/resourcefullib-forge-1.20.1-2.1.29.jar","manifest: Packwiz side and declared exact hash; see validation audits for runtime proof"
"Ribbits-1.20.1-Forge-3.0.5.jar","Ribbits","both","d82ffa954886abd2971672ff530e3778319a8a1e6630ca55fc9a58a1e7a8f294fbd5c9fd7752123980468bda7e28363a4c724e5d8da89d237e3c2d5ae4cbe189","https://cdn.modrinth.com/data/8YcE8y4T/versions/RCsQFeua/Ribbits-1.20.1-Forge-3.0.5.jar","manifest: Packwiz side and declared exact hash; see validation audits for runtime proof"
"rightclickharvest-forge-4.6.1+1.20.1.jar","RightClickHarvest","both","4c547c9ab385b2ea3f942f61fd8febe1b683f06c4e8bfb0d17b8089e1d3377402a2feda5c9af1799b6e13c6e3db0925dc52b498f4cf3bc115b36a353ec68e168","https://cdn.modrinth.com/data/Cnejf5xM/versions/NFxivT5s/rightclickharvest-forge-4.6.1%2B1.20.1.jar","manifest: Packwiz side and declared exact hash; see validation audits for runtime proof"
"Searchables-forge-1.20.1-1.0.3.jar","Searchables","client","185617d6d446f3d4ef6c7d5c6ee4e2fb731a89f7495157313b21292ec6b8e3dbcc10c0379ab49ecb2d0c64d0a78df74750d7f7336d5e6c43516a7c92f278c0a2","https://cdn.modrinth.com/data/fuuu3xnx/versions/PM9yAW1G/Searchables-forge-1.20.1-1.0.3.jar","manifest: Packwiz side and declared exact hash; see validation audits for runtime proof"
"seasonhud-forge-1.20.1-2.0.8.jar","SeasonHud","client","f309c55c6f3810c577e4401e35f16a0b1e4b1e1a0e81f6d5364bfba73ba3721ba7f236228acb77d86d75e5bc1de730099c19d0bc52f1c9d4842af3a3fec7d150","https://cdn.modrinth.com/data/VNjUn3NA/versions/ocbnwoWo/seasonhud-forge-1.20.1-2.0.8.jar","manifest: Packwiz side and declared exact hash; see validation audits for runtime proof"
"SereneSeasons-forge-1.20.1-9.1.0.3.jar","Serene Seasons","both","038af92c577c3cf71a4cfd2a388641c7b942bee61f47982e269395eb46147083f5e492f83829ab4af6d95a7b8a7c926a6250539ff1a52d6c30970f544dc4873b","https://cdn.modrinth.com/data/e0bNACJD/versions/WMrhrybF/SereneSeasons-forge-1.20.1-9.1.0.3.jar","manifest: Packwiz side and declared exact hash; see validation audits for runtime proof"
"shulkerboxtooltip-forge-4.0.4+1.20.1.jar","Shulker Box Tooltip","client","6e0b17ec9ad6090864b6b8eec041dc1468a2f7fa6b485df0225abfb2c074093595ed81c380e88796fcdd14cef640133236eba78b306815a173c3ea16c4876a36","https://cdn.modrinth.com/data/2M01OLQq/versions/QMp2SF1u/shulkerboxtooltip-forge-4.0.4%2B1.20.1.jar","manifest: Packwiz side and declared exact hash; see validation audits for runtime proof"
"skinlayers3d-forge-1.11.2-mc1.20.1.jar","3D Skin Layers","client","87f06a52665d5eec7cf7d9dcd73a94ba9aa2d0f1651578d3852afab128e17836cff76e40aa5661915ba106910cef0104a00ef04883977af74de1acc02bcecc1d","https://cdn.modrinth.com/data/zV5r3pPn/versions/4oWvC9eo/skinlayers3d-forge-1.11.2-mc1.20.1.jar","manifest: Packwiz side and declared exact hash; see validation audits for runtime proof"
"sliceanddice-forge-3.6.0.jar","Create Slice & Dice","both","b6108218d933ba6b612f2018efe1329957c0cde473f07bc405f7defa76602bb2f6749763db5734ec8547e8c5c1908ef57a9c539c90c23068ed9ab5be267e73a0","https://cdn.modrinth.com/data/GmjmRQ0A/versions/KWLI8Ng7/sliceanddice-forge-3.6.0.jar","manifest: Packwiz side and declared exact hash; see validation audits for runtime proof"
"smallships_upgrades-forge-1.20.1-1.0.1.jar","Small Ships Upgrades","both","7ab76c80e4b4abd81717d527e928b4c52d1004ae3d5795d8dccab24ac521cd9074e676c185b564e69122c0a32574992aae7fc18518254e9cbc3f1b63fe37e0ab","https://cdn.modrinth.com/data/HRWfY2Uh/versions/RMV1s428/smallships_upgrades-forge-1.20.1-1.0.1.jar","manifest: Packwiz side and declared exact hash; see validation audits for runtime proof"
"smallships-forge-1.20.1-2.0.0-b1.4.jar","Small Ships","both","96eb4b05e2ca71e6f608811da0e1687a9744421b84e7c876e9a36cd2cdc30bf3c7174525c0915f87be30bd840d39f7b7aa8e0dde19747a495ff5c1a57b701dac","https://cdn.modrinth.com/data/rGWEHQrP/versions/58DKgNnY/smallships-forge-1.20.1-2.0.0-b1.4.jar","manifest: Packwiz side and declared exact hash; see validation audits for runtime proof"
"smarterfarmers-1.20-2.1.2.jar","smarterfarmers-1.20-2.1.2","both","2b12bbb5a494598f62c07a8b8f9b2127eda0327b59580e6dc45ffae57f2be5d4576acff4d5adf533fcd932fdbd1b4d27b761d29e93cdcd397c08a7f6f40de5de","https://cdn.modrinth.com/data/Bh6ZOMvp/versions/Pg7m0oCv/smarterfarmers-1.20-2.1.2.jar","manifest: Packwiz side and declared exact hash; see validation audits for runtime proof"
"sophisticatedbackpacks-1.20.1-3.24.63.2057.jar","sophisticatedbackpacks-1.20.1-3.24.63.2057","both","7b62d82a09d986bf4fec5575c0b1f687306bfc713f6515ab47658140d9a2c5f294c27800ab3ea6056fe14cd277544429f1a73857f95fdddf66bb5d31a7103e09","https://cdn.modrinth.com/data/TyCTlI4b/versions/uWeYmUQN/sophisticatedbackpacks-1.20.1-3.24.63.2057.jar","manifest: Packwiz side and declared exact hash; see validation audits for runtime proof"
"sophisticatedcore-1.20.1-1.3.78.2249.jar","sophisticatedcore-1.20.1-1.3.78.2249","both","9ead6b432a06c2c06f497b4e05dd57d754b8fa7d6d7e98d520337c03b761878897e507e0c03990e29fa6f45f31573f5d2ac08b1d8a4c7f41b5ed993fbc6eebf4","https://cdn.modrinth.com/data/nmoqTijg/versions/34AxinbK/sophisticatedcore-1.20.1-1.3.78.2249.jar","manifest: Packwiz side and declared exact hash; see validation audits for runtime proof"
"spawnanimations-v1.11.2-mc1.17-1.21.10-mod.jar","Spawn Animations","both","26a996b6c8eb1335ac1198f95d07faecaf241c78eb7249fdac890daad258fca60df87e4d9f430a9a7de69cbb711361b5552d167db177d75e1c3b7e71545d67ff","https://cdn.modrinth.com/data/zrzYrlm0/versions/uOUZcu68/spawnanimations-v1.11.2-mc1.17-1.21.10-mod.jar","manifest: Packwiz side and declared exact hash; see validation audits for runtime proof"
"statisticsplus-1.0.0.jar","Statistics Plus","client","544206d657026d12bb4d8f4d53830ebad8000c788454771cd471e10a52115298146256f213f9e83311891fde1a4f9a793ef4eda43bb84403e3b25c5863ed7e48","https://edge.forgecdn.net/files/8049/929/statisticsplus-1.0.0.jar","manifest: Packwiz side and declared exact hash; see validation audits for runtime proof"
"Statues-1.20.1-0.4.2.jar","Statues","both","e18829a1361a88a294c62c659f9ad2f8bc29133143c3fbfd313ccda45cd3272b60bda54c3f9dad095837969f5edd0e54218f8a611275d2f4aaef4fcf16eebc7d","https://edge.forgecdn.net/files/7459/974/Statues-1.20.1-0.4.2.jar","manifest: Packwiz side and declared exact hash; see validation audits for runtime proof"
"Steam_Rails-1.7.2+forge-mc1.20.1.jar","Create: Steam ","both","f97597d15e82286dd6425795c49b53b85f2cad7e97d8103cb21b4fa6375c4db6df34b2a732097bd451963790d6bad53bdc11b427a7d5d20bd9f03ed708443973","https://cdn.modrinth.com/data/ZzjhlDgM/versions/I6GhUCyk/Steam_Rails-1.7.2%2Bforge-mc1.20.1.jar","manifest: Packwiz side and declared exact hash; see validation audits for runtime proof"
"StorageDrawers-forge-1.20.1-12.14.3.jar","StorageDrawers-forge-1.20.1-12.14.3","both","074c9da64873ffaffc80f0abfbbc6decbed4cb5615a94b226344719728432312e7268ed8f088371466d7594813541fbb2a46dc7d08c9d1f3c1416f89dac2bdaf","https://cdn.modrinth.com/data/guitPqEi/versions/8raubcF4/StorageDrawers-forge-1.20.1-12.14.3.jar","manifest: Packwiz side and declared exact hash; see validation audits for runtime proof"
"structure_gel-1.20.1-2.16.2.jar","Structure Gel API","both","643f7ae81418e2a473824f35dc06df357a16e17ae1dd0f4c6dd00958aebacc83fb15386240d4767b6ad41d6b89735778bb564080ce6174a0a374f9ac63f9ced8","https://cdn.modrinth.com/data/T8TGycIQ/versions/xavY0MZc/structure_gel-1.20.1-2.16.2.jar","manifest: Packwiz side and declared exact hash; see validation audits for runtime proof"
"supermartijn642configlib-1.1.8-forge-mc1.20.jar","SuperMartijn642","both","476595aacc7c66a0cf7bcd56143975122ea54ae4c5b61a232d3b0b9b1e3c013575efcc05de31a5d2c4e129542bfd8ae255a25d1486a4e08961cc4a303940fd19","https://cdn.modrinth.com/data/LN9BxssP/versions/ZKor79dR/supermartijn642configlib-1.1.8-forge-mc1.20.jar","manifest: Packwiz side and declared exact hash; see validation audits for runtime proof"
"supermartijn642corelib-1.1.24-forge-mc1.20.1.jar","supermartijn642corelib-1.1.24-forge-mc1.20.1","both","782d8faad730965551cbcdfd059f891ecb59d1e09286b69535f5d5e20f0d9a2f5118bce0b58191b9a32b7199f363629d66154af6d6010c3016ec34b2c95c7038","https://cdn.modrinth.com/data/rOUBggPv/versions/1qHDxHxo/supermartijn642corelib-1.1.24-forge-mc1.20.1.jar","manifest: Packwiz side and declared exact hash; see validation audits for runtime proof"
"supplementaries-1.20-3.1.43-forge.jar","Supplementaries","both","70faa19266ffd70787f6484aa1ab5cbea69c9f39af36faebb6534eeb2123e333c5b39df06a151b52d78d701a037a36adc53eb5aa51a6710096e6ee216b45d59c","https://cdn.modrinth.com/data/fFEIiSDQ/versions/S0TIJ1hU/supplementaries-1.20-3.1.43-forge.jar","manifest: Packwiz side and declared exact hash; see validation audits for runtime proof"
"suppsquared-1.20-1.1.29.jar","Supplementaries Squared","both","c0a44ec005e83e1064f030f9250aecd1ab947391b9877c6fb122fa30073480760a54f28f7b153dfbf8542fb73453c3a75a1e95982b3f9fa983005d4bc9711129","https://cdn.modrinth.com/data/dCCkNFwE/versions/CSPoHqpr/suppsquared-1.20-1.1.29.jar","manifest: Packwiz side and declared exact hash; see validation audits for runtime proof"
"TerraBlender-forge-1.20.1-3.0.1.10.jar","TerraBlender","both","69b819eb021032561626cf436635c31dced45baae6ef9f21d95690e1e57c55914dc72a43a4ccd0a3337cd32e89ff592056be8dc6b7bd12842438500a157a6275","https://cdn.modrinth.com/data/kkmrDlKT/versions/zGconCHG/TerraBlender-forge-1.20.1-3.0.1.10.jar","manifest: Packwiz side and declared exact hash; see validation audits for runtime proof"
"Terralith_1.20.x_v2.5.4.jar","Terralith","both","885e171d8b34aae7e142f082d0364285ec5a8e8342f11c60d341f7a94083d5a42c4e30612fe4f9f64d57b484396a3dff3a224e2a2497d4ced8d22f2ad6cd561d","https://cdn.modrinth.com/data/8oi3bsk5/versions/WeYhEb5d/Terralith_1.20.x_v2.5.4.jar","manifest: Packwiz side and declared exact hash; see validation audits for runtime proof"
"tf_dnv-1.2.3.jar","tf_dnv-1.2.3","both","f4d519147734811ed77fbb14bd552acecd187aa7b60dc518d645bf063b20ad9735aef1352547ec52a045c9ac02513d44d17c36ebbd475b621dcfdad2c74c07db","https://cdn.modrinth.com/data/eDeSn4Ds/versions/FGqCqNkE/tf_dnv-1.2.3.jar","manifest: Packwiz side and declared exact hash; see validation audits for runtime proof"
"The_Graveyard_3.1_(FORGE)_for_1.20.1.jar","The Graveyard (FORGE/NEOFORGE)","both","3d44f32ddef0167e62e9842d622ba3d3367bf9a14401756143e843ef8ed8158d3c056c443586ea024f2985f412b4ff3041fbef349feb477e25c2cad7a2de88b4","https://cdn.modrinth.com/data/U1jdQuSf/versions/Q66WyQ3F/The_Graveyard_3.1_%28FORGE%29_for_1.20.1.jar","manifest: Packwiz side and declared exact hash; see validation audits for runtime proof"
"toms_storage-1.20-1.7.1.jar","Tom","both","ac5a057a9fdafa851fca05be77ba68548082119e0b7ac19f2197e418da703bf60f341e65ec76ddc73003682b89159850f6b9dff65147df3c0c9b8e6f58460ce0","https://cdn.modrinth.com/data/XZNI4Cpy/versions/XELeoPjZ/toms_storage-1.20-1.7.1.jar","manifest: Packwiz side and declared exact hash; see validation audits for runtime proof"
"Towns-and-Towers-1.12-Fabric+Forge.jar","Towns and Towers","both","ed734046c356bb996b628c2e0c47e64ba598c87016591fd77533069de68f27b8bfdcd2173d7d3db97f1981ebb806133c3d1751c330d539ade3d6c37ed2d5598f","https://cdn.modrinth.com/data/DjLobEOy/versions/7ZwnSrVW/Towns-and-Towers-1.12-Fabric%2BForge.jar","manifest: Packwiz side and declared exact hash; see validation audits for runtime proof"
"TradingPost-v8.0.2-1.20.1-Forge.jar","Trading Post","both","c401f6bdd7aaef623bbc5c55fbd1d33184a427ad7f89bc7713050cb7adb61346badea266009b8f9ecf3624ea3e537a4b23d7f360ecf369e9d208b2df8902777c","https://cdn.modrinth.com/data/8pcjMDgj/versions/LvveFy3w/TradingPost-v8.0.2-1.20.1-Forge.jar","manifest: Packwiz side and declared exact hash; see validation audits for runtime proof"
"trashslot-forge-1.20.1-15.1.5.jar","TrashSlot","both","ce2ca0171e87eebe2d048202bfaa634537dabe96b16836f8025c1f48a8509aa2ae4494e00eddab794399c630d052530982507e269b12be12282a1d017f69b2cf","https://cdn.modrinth.com/data/vRYk0bv7/versions/r0K8IYd7/trashslot-forge-1.20.1-15.1.5.jar","manifest: Packwiz side and declared exact hash; see validation audits for runtime proof"
"TravelersTitles-1.20-Forge-4.0.2.jar","Traveler","client","7cafbfc39305f3e384468db674e350118950201ba4d22b66ed95516a335aaad04765ae1e693b223c6c5beba404fc7411e9f78b4f962d7d9e51407b55233375a4","https://cdn.modrinth.com/data/JtifUr64/versions/oUSK4sOQ/TravelersTitles-1.20-Forge-4.0.2.jar","manifest: Packwiz side and declared exact hash; see validation audits for runtime proof"
"Twigs-1.20.1-3.1.1.jar","Twigs","both","4c80428a5e9ce0b2ff16903d9ecadbeb01a063144b82e40fdab46f787c203d3a4476021b23170aa404bd69414bb6bc4a85b31c17e572e38d0ed47852f1291755","https://cdn.modrinth.com/data/RG50cUrX/versions/lDSfygeN/Twigs-1.20.1-3.1.1.jar","manifest: Packwiz side and declared exact hash; see validation audits for runtime proof"
"twilightdelight-2.2.2.jar","twilightdelight-2.2.2","both","925b15ec039f75e6732fb32f696304a6aad5f8a8945773e26c4113b8d8a54c245820ee732ea57039d29a52f7921e3ae57ce8577514a1dd5851afd684e1bef3a0","https://cdn.modrinth.com/data/d6cSefpO/versions/toJxHyZ0/twilightdelight-2.2.2.jar","manifest: Packwiz side and declared exact hash; see validation audits for runtime proof"
"twilightforest-1.20.1-4.3.2508-universal.jar","twilightforest-1.20.1-4.3.2508-universal","both","340b42ca27cac8c011a97eff5999b675e5f7e13f9d5b035ca94767ce3868d2168dd3ad81448a2d5e7bdf06cf08ed6b4bcf90edf8df68e452d222448868aa6a7c","https://mediafilez.forgecdn.net/files/5468/648/twilightforest-1.20.1-4.3.2508-universal.jar","manifest: Packwiz side and declared exact hash; see validation audits for runtime proof"
"unusualfishmod-1.1.10.jar","Unusual Fish Mod","both","f09c9d7e00b65d60c7e13242bd8829d3e8234a280316cfdebcabb990f88c3c9bd45664837d143a1be8e79184e03d4474486b3e309f4c5d44a1477a504dde3a66","https://cdn.modrinth.com/data/vYSi4UOX/versions/N7oGJCeA/unusualfishmod-1.1.10.jar","manifest: Packwiz side and declared exact hash; see validation audits for runtime proof"
"upgrade_aquatic-1.20.1-6.0.3.jar","upgrade_aquatic-1.20.1-6.0.3","both","a24616ae779f8e62e6cfb51856b183ef2881824f2a17c3d08dee03ed04331c189b1554c512d42cf3370cac9745228647fcca93bc164d9a7a027b7af2a4a4dfb3","https://cdn.modrinth.com/data/gTuTFFyz/versions/nWAYgQaF/upgrade_aquatic-1.20.1-6.0.3.jar","manifest: Packwiz side and declared exact hash; see validation audits for runtime proof"
"veinminer-1.1.0.jar","VeinMiner","both","9e54231378107be3aec972adff1367251808d4e040eca75659ae3b6933751a0dc4a728712aaace03b2238e001aec55254477f727ae99298038ba6944d2589f28","https://cdn.modrinth.com/data/OhduvhIc/versions/XmveddzV/veinminer-1.1.0.jar","manifest: Packwiz side and declared exact hash; see validation audits for runtime proof"
"VisualWorkbench-v8.0.1-1.20.1-Forge.jar","Visual Workbench","both","f6167cf80d9163d1beae3dce898949a0b08afe9da099b030d95144a9a8de69021f7d1eaf0a93ce10ef12f5117d18d3fe124ff35b2ae76328da1c307ca96016c8","https://cdn.modrinth.com/data/kfqD1JRw/versions/qaWEHDC3/VisualWorkbench-v8.0.1-1.20.1-Forge.jar","manifest: Packwiz side and declared exact hash; see validation audits for runtime proof"
"waystones-forge-1.20.1-14.1.20.jar","Waystones","both","ea9970aeec627f37806eb316dfdc5aa2c38a6cd30479997c451d7642407d1bd308f6e9b02d1cc82c777a89531aada805bfb54f4a8889f77c5eb00ed972f92c0c","https://cdn.modrinth.com/data/LOpKHB2A/versions/sKoHLGbK/waystones-forge-1.20.1-14.1.20.jar","manifest: Packwiz side and declared exact hash; see validation audits for runtime proof"
"woodworks-1.20.1-3.0.2.jar","woodworks-1.20.1-3.0.2","both","c603e306917569ef94d13cb4d1d43e329826828d474ec7bc02ed80c4938a4ad687b32437555d7fe11268bb9e12871bc5802a4941fba9130037ccdd997568c0d7","https://cdn.modrinth.com/data/rv1sovni/versions/236Amnif/woodworks-1.20.1-3.0.2.jar","manifest: Packwiz side and declared exact hash; see validation audits for runtime proof"
"xaerominimap-forge-1.20.1-26.4.2.jar","Xaero","client","6bf30d544f79e7ecf0a2522c1294cb8bbb1eaf731f428b1ae10edce20d0eacf831f407625c844bf4ee84816a78897a206e59525a0fb4722c4081d330b0c12500","https://cdn.modrinth.com/data/1bokaNcj/versions/A1JacFsh/xaerominimap-forge-1.20.1-26.4.2.jar","manifest: Packwiz side and declared exact hash; see validation audits for runtime proof"
"xaeroworldmap-forge-1.20.1-1.44.2.jar","Xaero","client","5df9413dcf94d80247fa5a427eec3a8058434978f918b1d5e99f5f07cdcca02c47e664de84e3b0060af22aaced9d54a24827350a950337a431330d07f96b3095","https://cdn.modrinth.com/data/NcUtCpym/versions/kQ06HixR/xaeroworldmap-forge-1.20.1-1.44.2.jar","manifest: Packwiz side and declared exact hash; see validation audits for runtime proof"
"yet_another_config_lib_v3-3.6.6+1.20.1-forge.jar","YetAnotherConfigLib (YACL)","both","7fdd923ae94c1ada9bf0524f21cdfbb4f870ea93b26d02f369829585892fc5a2f61e60f43a6686ee611ff11bde8f123f178279e2de453c8fb320264153a0e8d9","https://cdn.modrinth.com/data/1eAoo2KR/versions/sCWgXDYQ/yet_another_config_lib_v3-3.6.6%2B1.20.1-forge.jar","manifest: Packwiz side and declared exact hash; see validation audits for runtime proof"
"YungsApi-1.20-Forge-4.0.6.jar","YUNG","both","7d83d94a90e55a712f6508485c044ff202916e9b9b9166b75177cb8f2eb919543bbbe1547d11c41cfd4763820f934235f47c0b26dd9e89bc1030954afa9fb889","https://cdn.modrinth.com/data/Ua7DFN59/versions/PJOYAmAs/YungsApi-1.20-Forge-4.0.6.jar","manifest: Packwiz side and declared exact hash; see validation audits for runtime proof"
"YungsBetterDesertTemples-1.20-Forge-3.0.3.jar","YUNG","both","30ce20533c9a2cc11608120dd7d5fb0f9b48e11873eb1a653d2d88022d351f2c25b316b63df0dbc693de598e0f1c768a36865e0759dbab23e2f2e36a3918470a","https://cdn.modrinth.com/data/XNlO7sBv/versions/lRK2ZA9U/YungsBetterDesertTemples-1.20-Forge-3.0.3.jar","manifest: Packwiz side and declared exact hash; see validation audits for runtime proof"
"YungsBetterDungeons-1.20-Forge-4.0.4.jar","YUNG","both","56bd11a7aca3bacb908381a668af8f5b574c5557c21370ace783d637c949802187110a4f5dc26afae4d9af74cdf64cee81d59fac3513a9bec3f921193fc938b8","https://cdn.modrinth.com/data/o1C1Dkj5/versions/kPiQ6v4q/YungsBetterDungeons-1.20-Forge-4.0.4.jar","manifest: Packwiz side and declared exact hash; see validation audits for runtime proof"
"YungsBetterEndIsland-1.20-Forge-2.0.6.jar","YUNG","both","a51b76fc41d19276bea2ebe081b153d3be53c502ef9de93593990f8b7bf644e3e4fd4cff17477abce16692f23aff3077be1762606f10ca1058771741ad652e2e","https://cdn.modrinth.com/data/2BwBOmBQ/versions/Izqhg3Va/YungsBetterEndIsland-1.20-Forge-2.0.6.jar","manifest: Packwiz side and declared exact hash; see validation audits for runtime proof"
"YungsBetterJungleTemples-1.20-Forge-2.0.5.jar","YUNG","both","433d84ca6a8f223376bc8e30c7ca2407294876c2fe8ef51fec9f12358b5b4f84c76031abba74a256eec12146817690224b141668890ebba99decd411d6b37b9c","https://cdn.modrinth.com/data/z9Ve58Ih/versions/CXQc6EnZ/YungsBetterJungleTemples-1.20-Forge-2.0.5.jar","manifest: Packwiz side and declared exact hash; see validation audits for runtime proof"
"YungsBetterMineshafts-1.20-Forge-4.0.4.jar","YUNG","both","1e8237e0fc4dd7e00a3ad30c5c02a82eeed63aed4544310cfdee863ac95b626874773f599779b985e6e460869804c036e1336c2720fbb34a3b09445434c063c8","https://cdn.modrinth.com/data/HjmxVlSr/versions/kVO57zxB/YungsBetterMineshafts-1.20-Forge-4.0.4.jar","manifest: Packwiz side and declared exact hash; see validation audits for runtime proof"
"YungsBetterNetherFortresses-1.20-Forge-2.0.6.jar","YUNG","both","bceefeaf84dffd7386a61118d6b1c6c2107e17e7a8f4340eff2c1f0234dba0e6d8f43903521d5a70334362ab6e4069788e5b29cf42d8ee9cd4f2a98feb64112b","https://cdn.modrinth.com/data/Z2mXHnxP/versions/2nUEz0zq/YungsBetterNetherFortresses-1.20-Forge-2.0.6.jar","manifest: Packwiz side and declared exact hash; see validation audits for runtime proof"
"YungsBetterOceanMonuments-1.20-Forge-3.0.4.jar","YUNG","both","2c67db8caf355f2e3b4a6f2b99c64abfa3b084163b38e18aba7f8ad0fb297fab3bfa7a61cd6bff5391fdaad185ed8233f22080a2cd35f1428d2d04dbfdf10a1d","https://cdn.modrinth.com/data/3dT9sgt4/versions/SN4iZ7wf/YungsBetterOceanMonuments-1.20-Forge-3.0.4.jar","manifest: Packwiz side and declared exact hash; see validation audits for runtime proof"
"YungsBetterStrongholds-1.20-Forge-4.0.3.jar","YUNG","both","7fbb51f761ca1a514ce95e9967bcc93c09766a8929f19029390d46b18d7e876c4354d11350a5f8410dc28e485680f4eaf1019e4bd074cff34e8cfc5b232480d4","https://cdn.modrinth.com/data/kidLKymU/versions/rwiShgsc/YungsBetterStrongholds-1.20-Forge-4.0.3.jar","manifest: Packwiz side and declared exact hash; see validation audits for runtime proof"
"YungsBetterWitchHuts-1.20-Forge-3.0.3.jar","YUNG","both","c17d5b07ecf44aa4539bd7af37882a63ab73ec10dd2c9675ed715e7c1f0ee73ee9d9c32bfddfb67f8f3c6f8b753cb965119e31e64926ea6d50ef33f881fc61f1","https://cdn.modrinth.com/data/t5FRdP87/versions/mwlYB7rq/YungsBetterWitchHuts-1.20-Forge-3.0.3.jar","manifest: Packwiz side and declared exact hash; see validation audits for runtime proof"
"YungsBridges-1.20-Forge-4.0.3.jar","YungsBridges-1.20-Forge-4.0.3","both","2705fbaeb62115c5604719d68756f723a974ea9a62a4194771ebbea877ee715de72cefe3b01ec0d318d4d6fe2e9de87e6a7122ef21ee54d48153e84cb7bae0c6","https://cdn.modrinth.com/data/Ht4BfYp6/versions/KgO1gfM2/YungsBridges-1.20-Forge-4.0.3.jar","manifest: Packwiz side and declared exact hash; see validation audits for runtime proof"
"YungsExtras-1.20-Forge-4.0.3.jar","YungsExtras-1.20-Forge-4.0.3","both","2c70e8e2c8e6161139bd19d302e225f7c12dc44f9cbdd63f4a548645fe923eb16de930abe2d2f8a89bee99f31d77798b7352bbd33f3642560cad18d86d372d4f","https://cdn.modrinth.com/data/ZYgyPyfq/versions/h4m8J7w8/YungsExtras-1.20-Forge-4.0.3.jar","manifest: Packwiz side and declared exact hash; see validation audits for runtime proof"
"Zeta-1.0-31.jar","Zeta","both","0b14233864d8fdad148c33971731d8e9638d2cdceab8977162448598d78b74beb838913d445e065f6e0bf0d5cf36b8b843fc576ce47ab9899b3f2d7c713eefef","https://cdn.modrinth.com/data/MVARlG2f/versions/mSER3jBI/Zeta-1.0-31.jar","manifest: Packwiz side and declared exact hash; see validation audits for runtime proof"
