"scope","status","path","notes"
"sanitized-publication-delta","M","README.md","Candidate tree versus sanitized recovery baseline."
"sanitized-publication-delta","A","audit/destination-delta.csv","Candidate tree versus sanitized recovery baseline."
"sanitized-publication-delta","A","audit/encoding-validation.json","Candidate tree versus sanitized recovery baseline."
"sanitized-publication-delta","M","audit/end-to-end-result.json","Candidate tree versus sanitized recovery baseline."
"sanitized-publication-delta","A","audit/local-rc-test.json","Candidate tree versus sanitized recovery baseline."
"sanitized-publication-delta","M","audit/managed-files.csv","Candidate tree versus sanitized recovery baseline."
"sanitized-publication-delta","A","audit/packwiz-update-rollback.json","Candidate tree versus sanitized recovery baseline."
"sanitized-publication-delta","A","audit/quest-id-migration.csv","Candidate tree versus sanitized recovery baseline."
"sanitized-publication-delta","A","audit/quest-id-semantics.csv","Candidate tree versus sanitized recovery baseline."
"sanitized-publication-delta","A","audit/quest-mods.json","Candidate tree versus sanitized recovery baseline."
"sanitized-publication-delta","A","audit/questbook-validation-detailed.json","Candidate tree versus sanitized recovery baseline."
"sanitized-publication-delta","M","audit/questbook-validation.json","Candidate tree versus sanitized recovery baseline."
"sanitized-publication-delta","A","audit/quests.csv","Candidate tree versus sanitized recovery baseline."
"sanitized-publication-delta","A","audit/rc-lan-harness.json","Candidate tree versus sanitized recovery baseline."
"sanitized-publication-delta","A","audit/rc1-change-manifest.md","Candidate tree versus sanitized recovery baseline."
"sanitized-publication-delta","A","audit/release-gate.json","Candidate tree versus sanitized recovery baseline."
"sanitized-publication-delta","M","audit/repository-files.csv","Candidate tree versus sanitized recovery baseline."
"sanitized-publication-delta","A","audit/runtime-data-errors-v1.1.0-rc1.md","Candidate tree versus sanitized recovery baseline."
"sanitized-publication-delta","M","audit/summary.json","Candidate tree versus sanitized recovery baseline."
"sanitized-publication-delta","A","audit/synthetic-progress-migration.json","Candidate tree versus sanitized recovery baseline."
"sanitized-publication-delta","M","audit/validation-report.json","Candidate tree versus sanitized recovery baseline."
"sanitized-publication-delta","M","bootstrap/template/instance.cfg","Candidate tree versus sanitized recovery baseline."
"sanitized-publication-delta","A","docs/COPIED-WORLD-RC-TEST.md","Candidate tree versus sanitized recovery baseline."
"sanitized-publication-delta","M","docs/FILE-CLASSIFICATION.md","Candidate tree versus sanitized recovery baseline."
"sanitized-publication-delta","A","docs/MANUAL-RC-TEST.md","Candidate tree versus sanitized recovery baseline."
"sanitized-publication-delta","M","docs/OPERATIONS.md","Candidate tree versus sanitized recovery baseline."
"sanitized-publication-delta","A","docs/QUEST-PROGRESSION.md","Candidate tree versus sanitized recovery baseline."
"sanitized-publication-delta","M","docs/QUESTBOOK.md","Candidate tree versus sanitized recovery baseline."
"sanitized-publication-delta","A","docs/RELEASE-GATE.md","Candidate tree versus sanitized recovery baseline."
"sanitized-publication-delta","A","docs/SECURITY-SANITIZATION.md","Candidate tree versus sanitized recovery baseline."
"sanitized-publication-delta","M","packwiz/config/#STOP_MOD_REPOSTS.txt.pw.toml","Candidate tree versus sanitized recovery baseline."
"sanitized-publication-delta","M","packwiz/config/MouseTweaks.cfg.pw.toml","Candidate tree versus sanitized recovery baseline."
"sanitized-publication-delta","M","packwiz/config/aether/aether_customizations.txt.pw.toml","Candidate tree versus sanitized recovery baseline."
"sanitized-publication-delta","M","packwiz/config/alexscaves_biome_generation/abyssal_chasm.json.pw.toml","Candidate tree versus sanitized recovery baseline."
"sanitized-publication-delta","M","packwiz/config/alexscaves_biome_generation/candy_cavity.json.pw.toml","Candidate tree versus sanitized recovery baseline."
"sanitized-publication-delta","M","packwiz/config/alexscaves_biome_generation/forlorn_hollows.json.pw.toml","Candidate tree versus sanitized recovery baseline."
"sanitized-publication-delta","M","packwiz/config/alexscaves_biome_generation/magnetic_caves.json.pw.toml","Candidate tree versus sanitized recovery baseline."
"sanitized-publication-delta","M","packwiz/config/alexscaves_biome_generation/primordial_caves.json.pw.toml","Candidate tree versus sanitized recovery baseline."
"sanitized-publication-delta","M","packwiz/config/alexscaves_biome_generation/toxic_caves.json.pw.toml","Candidate tree versus sanitized recovery baseline."
"sanitized-publication-delta","M","packwiz/config/alexsmobs/alligator_snapping_turtle_spawns.json.pw.toml","Candidate tree versus sanitized recovery baseline."
"sanitized-publication-delta","M","packwiz/config/alexsmobs/anaconda_spawns.json.pw.toml","Candidate tree versus sanitized recovery baseline."
"sanitized-publication-delta","M","packwiz/config/alexsmobs/anteater_spawns.json.pw.toml","Candidate tree versus sanitized recovery baseline."
"sanitized-publication-delta","M","packwiz/config/alexsmobs/bald_eagle_spawns.json.pw.toml","Candidate tree versus sanitized recovery baseline."
"sanitized-publication-delta","M","packwiz/config/alexsmobs/banana_slug_spawns.json.pw.toml","Candidate tree versus sanitized recovery baseline."
"sanitized-publication-delta","M","packwiz/config/alexsmobs/bison_spawns.json.pw.toml","Candidate tree versus sanitized recovery baseline."
"sanitized-publication-delta","M","packwiz/config/alexsmobs/blobfish_spawns.json.pw.toml","Candidate tree versus sanitized recovery baseline."
"sanitized-publication-delta","M","packwiz/config/alexsmobs/blue_jay_spawns.json.pw.toml","Candidate tree versus sanitized recovery baseline."
"sanitized-publication-delta","M","packwiz/config/alexsmobs/bone_serpent_spawns.json.pw.toml","Candidate tree versus sanitized recovery baseline."
"sanitized-publication-delta","M","packwiz/config/alexsmobs/bunfungus_spawns.json.pw.toml","Candidate tree versus sanitized recovery baseline."
"sanitized-publication-delta","M","packwiz/config/alexsmobs/cachalot_whale_beached_spawns.json.pw.toml","Candidate tree versus sanitized recovery baseline."
"sanitized-publication-delta","M","packwiz/config/alexsmobs/cachalot_whale_spawns.json.pw.toml","Candidate tree versus sanitized recovery baseline."
"sanitized-publication-delta","M","packwiz/config/alexsmobs/caiman_spawns.json.pw.toml","Candidate tree versus sanitized recovery baseline."
"sanitized-publication-delta","M","packwiz/config/alexsmobs/capuchin_monkey_spawns.json.pw.toml","Candidate tree versus sanitized recovery baseline."
"sanitized-publication-delta","M","packwiz/config/alexsmobs/catfish_spawns.json.pw.toml","Candidate tree versus sanitized recovery baseline."
"sanitized-publication-delta","M","packwiz/config/alexsmobs/cave_centipede_spawns.json.pw.toml","Candidate tree versus sanitized recovery baseline."
"sanitized-publication-delta","M","packwiz/config/alexsmobs/cockroach_spawns.json.pw.toml","Candidate tree versus sanitized recovery baseline."
"sanitized-publication-delta","M","packwiz/config/alexsmobs/comb_jelly_spawns.json.pw.toml","Candidate tree versus sanitized recovery baseline."
"sanitized-publication-delta","M","packwiz/config/alexsmobs/cosmaw_spawns.json.pw.toml","Candidate tree versus sanitized recovery baseline."
"sanitized-publication-delta","M","packwiz/config/alexsmobs/cosmic_cod_spawns.json.pw.toml","Candidate tree versus sanitized recovery baseline."
"sanitized-publication-delta","M","packwiz/config/alexsmobs/crimson_mosquito_spawns.json.pw.toml","Candidate tree versus sanitized recovery baseline."
"sanitized-publication-delta","M","packwiz/config/alexsmobs/crocodile_spawns.json.pw.toml","Candidate tree versus sanitized recovery baseline."
"sanitized-publication-delta","M","packwiz/config/alexsmobs/crow_spawns.json.pw.toml","Candidate tree versus sanitized recovery baseline."
"sanitized-publication-delta","M","packwiz/config/alexsmobs/devils_hole_pupfish_spawns.json.pw.toml","Candidate tree versus sanitized recovery baseline."
"sanitized-publication-delta","M","packwiz/config/alexsmobs/dropbear_spawns.json.pw.toml","Candidate tree versus sanitized recovery baseline."
"sanitized-publication-delta","M","packwiz/config/alexsmobs/elephant_spawns.json.pw.toml","Candidate tree versus sanitized recovery baseline."
"sanitized-publication-delta","M","packwiz/config/alexsmobs/emu_spawns.json.pw.toml","Candidate tree versus sanitized recovery baseline."
"sanitized-publication-delta","M","packwiz/config/alexsmobs/endergrade_spawns.json.pw.toml","Candidate tree versus sanitized recovery baseline."
"sanitized-publication-delta","M","packwiz/config/alexsmobs/enderiophage_spawns.json.pw.toml","Candidate tree versus sanitized recovery baseline."
"sanitized-publication-delta","M","packwiz/config/alexsmobs/farseer.json.pw.toml","Candidate tree versus sanitized recovery baseline."
"sanitized-publication-delta","M","packwiz/config/alexsmobs/flutter_spawns.json.pw.toml","Candidate tree versus sanitized recovery baseline."
"sanitized-publication-delta","M","packwiz/config/alexsmobs/fly_spawns.json.pw.toml","Candidate tree versus sanitized recovery baseline."
"sanitized-publication-delta","M","packwiz/config/alexsmobs/flying_fish_spawns.json.pw.toml","Candidate tree versus sanitized recovery baseline."
"sanitized-publication-delta","M","packwiz/config/alexsmobs/frilled_shark_spawns.json.pw.toml","Candidate tree versus sanitized recovery baseline."
"sanitized-publication-delta","M","packwiz/config/alexsmobs/froststalker_spawns.json.pw.toml","Candidate tree versus sanitized recovery baseline."
"sanitized-publication-delta","M","packwiz/config/alexsmobs/gazelle_spawns.json.pw.toml","Candidate tree versus sanitized recovery baseline."
"sanitized-publication-delta","M","packwiz/config/alexsmobs/gelada_monkey_spawns.json.pw.toml","Candidate tree versus sanitized recovery baseline."
"sanitized-publication-delta","M","packwiz/config/alexsmobs/giant_squid_spawns.json.pw.toml","Candidate tree versus sanitized recovery baseline."
"sanitized-publication-delta","M","packwiz/config/alexsmobs/gorilla_spawns.json.pw.toml","Candidate tree versus sanitized recovery baseline."
"sanitized-publication-delta","M","packwiz/config/alexsmobs/grizzly_bear_spawns.json.pw.toml","Candidate tree versus sanitized recovery baseline."
"sanitized-publication-delta","M","packwiz/config/alexsmobs/guster_spawns.json.pw.toml","Candidate tree versus sanitized recovery baseline."
"sanitized-publication-delta","M","packwiz/config/alexsmobs/hammerhead_shark_spawns.json.pw.toml","Candidate tree versus sanitized recovery baseline."
"sanitized-publication-delta","M","packwiz/config/alexsmobs/hummingbird_spawns.json.pw.toml","Candidate tree versus sanitized recovery baseline."
"sanitized-publication-delta","M","packwiz/config/alexsmobs/jerboa_spawns.json.pw.toml","Candidate tree versus sanitized recovery baseline."
"sanitized-publication-delta","M","packwiz/config/alexsmobs/kangaroo_spawns.json.pw.toml","Candidate tree versus sanitized recovery baseline."
"sanitized-publication-delta","M","packwiz/config/alexsmobs/komodo_dragon_spawns.json.pw.toml","Candidate tree versus sanitized recovery baseline."
"sanitized-publication-delta","M","packwiz/config/alexsmobs/laviathan_spawns.json.pw.toml","Candidate tree versus sanitized recovery baseline."
"sanitized-publication-delta","M","packwiz/config/alexsmobs/leafcutter_anthill_spawns.json.pw.toml","Candidate tree versus sanitized recovery baseline."
"sanitized-publication-delta","M","packwiz/config/alexsmobs/lobster_spawns.json.pw.toml","Candidate tree versus sanitized recovery baseline."
"sanitized-publication-delta","M","packwiz/config/alexsmobs/maned_wolf_spawns.json.pw.toml","Candidate tree versus sanitized recovery baseline."
"sanitized-publication-delta","M","packwiz/config/alexsmobs/mantis_shrimp_spawns.json.pw.toml","Candidate tree versus sanitized recovery baseline."
"sanitized-publication-delta","M","packwiz/config/alexsmobs/mimic_octopus_spawns.json.pw.toml","Candidate tree versus sanitized recovery baseline."
"sanitized-publication-delta","M","packwiz/config/alexsmobs/mimicube_spawns.json.pw.toml","Candidate tree versus sanitized recovery baseline."
"sanitized-publication-delta","M","packwiz/config/alexsmobs/moose_spawns.json.pw.toml","Candidate tree versus sanitized recovery baseline."
"sanitized-publication-delta","M","packwiz/config/alexsmobs/mudskipper_spawns.json.pw.toml","Candidate tree versus sanitized recovery baseline."
"sanitized-publication-delta","M","packwiz/config/alexsmobs/mungus_spawns.json.pw.toml","Candidate tree versus sanitized recovery baseline."
"sanitized-publication-delta","M","packwiz/config/alexsmobs/murmur.json.pw.toml","Candidate tree versus sanitized recovery baseline."
"sanitized-publication-delta","M","packwiz/config/alexsmobs/orca_spawns.json.pw.toml","Candidate tree versus sanitized recovery baseline."
"sanitized-publication-delta","M","packwiz/config/alexsmobs/platypus_spawns.json.pw.toml","Candidate tree versus sanitized recovery baseline."
"sanitized-publication-delta","M","packwiz/config/alexsmobs/potoo_spawns.json.pw.toml","Candidate tree versus sanitized recovery baseline."
"sanitized-publication-delta","M","packwiz/config/alexsmobs/raccoon_spawns.json.pw.toml","Candidate tree versus sanitized recovery baseline."
"sanitized-publication-delta","M","packwiz/config/alexsmobs/rain_frog_spawns.json.pw.toml","Candidate tree versus sanitized recovery baseline."
"sanitized-publication-delta","M","packwiz/config/alexsmobs/rattlesnake_spawns.json.pw.toml","Candidate tree versus sanitized recovery baseline."
"sanitized-publication-delta","M","packwiz/config/alexsmobs/rhinoceros_spawns.json.pw.toml","Candidate tree versus sanitized recovery baseline."
"sanitized-publication-delta","M","packwiz/config/alexsmobs/roadrunner_spawns.json.pw.toml","Candidate tree versus sanitized recovery baseline."
"sanitized-publication-delta","M","packwiz/config/alexsmobs/rocky_roller_spawns.json.pw.toml","Candidate tree versus sanitized recovery baseline."
"sanitized-publication-delta","M","packwiz/config/alexsmobs/seagull_spawns.json.pw.toml","Candidate tree versus sanitized recovery baseline."
"sanitized-publication-delta","M","packwiz/config/alexsmobs/seal_spawns.json.pw.toml","Candidate tree versus sanitized recovery baseline."
"sanitized-publication-delta","M","packwiz/config/alexsmobs/shoebill_spawns.json.pw.toml","Candidate tree versus sanitized recovery baseline."
"sanitized-publication-delta","M","packwiz/config/alexsmobs/skelewag_spawns.json.pw.toml","Candidate tree versus sanitized recovery baseline."
"sanitized-publication-delta","M","packwiz/config/alexsmobs/skreecher.json.pw.toml","Candidate tree versus sanitized recovery baseline."
"sanitized-publication-delta","M","packwiz/config/alexsmobs/skunk_spawns.json.pw.toml","Candidate tree versus sanitized recovery baseline."
"sanitized-publication-delta","M","packwiz/config/alexsmobs/snow_leopard_spawns.json.pw.toml","Candidate tree versus sanitized recovery baseline."
"sanitized-publication-delta","M","packwiz/config/alexsmobs/soul_vulture_spawns.json.pw.toml","Candidate tree versus sanitized recovery baseline."
"sanitized-publication-delta","M","packwiz/config/alexsmobs/spectre_spawns.json.pw.toml","Candidate tree versus sanitized recovery baseline."
"sanitized-publication-delta","M","packwiz/config/alexsmobs/straddler_spawns.json.pw.toml","Candidate tree versus sanitized recovery baseline."
"sanitized-publication-delta","M","packwiz/config/alexsmobs/stradpole_spawns.json.pw.toml","Candidate tree versus sanitized recovery baseline."
"sanitized-publication-delta","M","packwiz/config/alexsmobs/sugar_glider_spawns.json.pw.toml","Candidate tree versus sanitized recovery baseline."
"sanitized-publication-delta","M","packwiz/config/alexsmobs/sunbird_spawns.json.pw.toml","Candidate tree versus sanitized recovery baseline."
"sanitized-publication-delta","M","packwiz/config/alexsmobs/tarantula_hawk_spawns.json.pw.toml","Candidate tree versus sanitized recovery baseline."
"sanitized-publication-delta","M","packwiz/config/alexsmobs/tasmanian_devil_spawns.json.pw.toml","Candidate tree versus sanitized recovery baseline."
"sanitized-publication-delta","M","packwiz/config/alexsmobs/terrapin_spawns.json.pw.toml","Candidate tree versus sanitized recovery baseline."
"sanitized-publication-delta","M","packwiz/config/alexsmobs/tiger_spawns.json.pw.toml","Candidate tree versus sanitized recovery baseline."
"sanitized-publication-delta","M","packwiz/config/alexsmobs/toucan_spawns.json.pw.toml","Candidate tree versus sanitized recovery baseline."
"sanitized-publication-delta","M","packwiz/config/alexsmobs/triops_spawns.json.pw.toml","Candidate tree versus sanitized recovery baseline."
"sanitized-publication-delta","M","packwiz/config/alexsmobs/tusklin_spawns.json.pw.toml","Candidate tree versus sanitized recovery baseline."
"sanitized-publication-delta","M","packwiz/config/alexsmobs/underminer.json.pw.toml","Candidate tree versus sanitized recovery baseline."
"sanitized-publication-delta","M","packwiz/config/alexsmobs/void_worm_spawns.json.pw.toml","Candidate tree versus sanitized recovery baseline."
"sanitized-publication-delta","M","packwiz/config/alexsmobs/warped_mosco_spawns.json.pw.toml","Candidate tree versus sanitized recovery baseline."
"sanitized-publication-delta","M","packwiz/config/alexsmobs/warped_toad_spawns.json.pw.toml","Candidate tree versus sanitized recovery baseline."
"sanitized-publication-delta","M","packwiz/config/ambientsounds-client.json.pw.toml","Candidate tree versus sanitized recovery baseline."
"sanitized-publication-delta","M","packwiz/config/armoroftheages.json.pw.toml","Candidate tree versus sanitized recovery baseline."
"sanitized-publication-delta","M","packwiz/config/artifacts/client.json5.pw.toml","Candidate tree versus sanitized recovery baseline."
"sanitized-publication-delta","M","packwiz/config/artifacts/common.json5.pw.toml","Candidate tree versus sanitized recovery baseline."
"sanitized-publication-delta","M","packwiz/config/betterarcheology_structures/structure_settings.json5.pw.toml","Candidate tree versus sanitized recovery baseline."
"sanitized-publication-delta","M","packwiz/config/betterarcheology_structures/structure_toggle.json5.pw.toml","Candidate tree versus sanitized recovery baseline."
"sanitized-publication-delta","M","packwiz/config/betterdeserttemples/README.txt.pw.toml","Candidate tree versus sanitized recovery baseline."
"sanitized-publication-delta","M","packwiz/config/betterdeserttemples/forge-1_20/README.txt.pw.toml","Candidate tree versus sanitized recovery baseline."
"sanitized-publication-delta","M","packwiz/config/betterdeserttemples/forge-1_20/armorstands.json.pw.toml","Candidate tree versus sanitized recovery baseline."
"sanitized-publication-delta","M","packwiz/config/betterdeserttemples/forge-1_20/itemframes.json.pw.toml","Candidate tree versus sanitized recovery baseline."
"sanitized-publication-delta","M","packwiz/config/betterfortresses/README.txt.pw.toml","Candidate tree versus sanitized recovery baseline."
"sanitized-publication-delta","M","packwiz/config/betterfortresses/forge-1_20/README.txt.pw.toml","Candidate tree versus sanitized recovery baseline."
"sanitized-publication-delta","M","packwiz/config/betterfortresses/forge-1_20/itemframes.json.pw.toml","Candidate tree versus sanitized recovery baseline."
"sanitized-publication-delta","M","packwiz/config/betterstrongholds/README.txt.pw.toml","Candidate tree versus sanitized recovery baseline."
"sanitized-publication-delta","M","packwiz/config/betterstrongholds/forge-1_20/README.txt.pw.toml","Candidate tree versus sanitized recovery baseline."
"sanitized-publication-delta","M","packwiz/config/betterstrongholds/forge-1_20/armorstands.json.pw.toml","Candidate tree versus sanitized recovery baseline."
"sanitized-publication-delta","M","packwiz/config/betterstrongholds/forge-1_20/itemframes.json.pw.toml","Candidate tree versus sanitized recovery baseline."
"sanitized-publication-delta","M","packwiz/config/betterstrongholds/forge-1_20/ores.json.pw.toml","Candidate tree versus sanitized recovery baseline."
"sanitized-publication-delta","M","packwiz/config/betterstrongholds/forge-1_20/rareblocks.json.pw.toml","Candidate tree versus sanitized recovery baseline."
"sanitized-publication-delta","M","packwiz/config/biomesoplenty/biome_toggles.json.pw.toml","Candidate tree versus sanitized recovery baseline."
"sanitized-publication-delta","M","packwiz/config/bountiful/bountiful.json.pw.toml","Candidate tree versus sanitized recovery baseline."
"sanitized-publication-delta","M","packwiz/config/chat_heads.json5.pw.toml","Candidate tree versus sanitized recovery baseline."
"sanitized-publication-delta","M","packwiz/config/chunky/config.json.pw.toml","Candidate tree versus sanitized recovery baseline."
"sanitized-publication-delta","M","packwiz/config/collective.json5.pw.toml","Candidate tree versus sanitized recovery baseline."
"sanitized-publication-delta","M","packwiz/config/creeperoverhaul.jsonc.pw.toml","Candidate tree versus sanitized recovery baseline."
"sanitized-publication-delta","M","packwiz/config/cristellib/minecraftED.json5.pw.toml","Candidate tree versus sanitized recovery baseline."
"sanitized-publication-delta","M","packwiz/config/cristellib/minecraftP.json5.pw.toml","Candidate tree versus sanitized recovery baseline."
"sanitized-publication-delta","M","packwiz/config/crittersandcompanions-common.json5.pw.toml","Candidate tree versus sanitized recovery baseline."
"sanitized-publication-delta","M","packwiz/config/cubes_without_borders.json.pw.toml","Candidate tree versus sanitized recovery baseline."
"sanitized-publication-delta","M","packwiz/config/doubledoors.json5.pw.toml","Candidate tree versus sanitized recovery baseline."
"sanitized-publication-delta","M","packwiz/config/dynamiclights.json.pw.toml","Candidate tree versus sanitized recovery baseline."
"sanitized-publication-delta","M","packwiz/config/embeddium-mixins.properties.pw.toml","Candidate tree versus sanitized recovery baseline."
"sanitized-publication-delta","M","packwiz/config/enchdesc.json.pw.toml","Candidate tree versus sanitized recovery baseline."
"sanitized-publication-delta","M","packwiz/config/endermanoverhaul-client.jsonc.pw.toml","Candidate tree versus sanitized recovery baseline."
"sanitized-publication-delta","M","packwiz/config/endermanoverhaul.jsonc.pw.toml","Candidate tree versus sanitized recovery baseline."
"sanitized-publication-delta","M","packwiz/config/entity_texture_features.json.pw.toml","Candidate tree versus sanitized recovery baseline."
"sanitized-publication-delta","M","packwiz/config/entityculling.json.pw.toml","Candidate tree versus sanitized recovery baseline."
"sanitized-publication-delta","M","packwiz/config/etf_warnings.json.pw.toml","Candidate tree versus sanitized recovery baseline."
"sanitized-publication-delta","M","packwiz/config/explorations.json.pw.toml","Candidate tree versus sanitized recovery baseline."
"sanitized-publication-delta","M","packwiz/config/fallingtree.json.pw.toml","Candidate tree versus sanitized recovery baseline."
"sanitized-publication-delta","M","packwiz/config/fetzis_displays/fetzis-displays-config.json.pw.toml","Candidate tree versus sanitized recovery baseline."
"sanitized-publication-delta","M","packwiz/config/ftbquests/quests/chapters/archaeology.snbt.pw.toml","Candidate tree versus sanitized recovery baseline."
"sanitized-publication-delta","M","packwiz/config/ftbquests/quests/chapters/create_basics.snbt.pw.toml","Candidate tree versus sanitized recovery baseline."
"sanitized-publication-delta","M","packwiz/config/ftbquests/quests/chapters/endgame.snbt.pw.toml","Candidate tree versus sanitized recovery baseline."
"sanitized-publication-delta","M","packwiz/config/ftbquests/quests/chapters/first_days.snbt.pw.toml","Candidate tree versus sanitized recovery baseline."
"sanitized-publication-delta","M","packwiz/config/ftbquests/quests/chapters/homestead.snbt.pw.toml","Candidate tree versus sanitized recovery baseline."
"sanitized-publication-delta","M","packwiz/config/ftbquests/quests/chapters/new_horizons.snbt.pw.toml","Candidate tree versus sanitized recovery baseline."
"sanitized-publication-delta","D","packwiz/config/ftbquests/quests/chapters/tinkers_deferred.snbt.pw.toml","Candidate tree versus sanitized recovery baseline."
"sanitized-publication-delta","M","packwiz/config/ftbquests/quests/chapters/travel_storage.snbt.pw.toml","Candidate tree versus sanitized recovery baseline."
"sanitized-publication-delta","M","packwiz/config/ftbquests/quests/chapters/vehicles.snbt.pw.toml","Candidate tree versus sanitized recovery baseline."
"sanitized-publication-delta","M","packwiz/config/ftbquests/quests/chapters/welcome.snbt.pw.toml","Candidate tree versus sanitized recovery baseline."
"sanitized-publication-delta","M","packwiz/config/ftbquests/quests/data.snbt.pw.toml","Candidate tree versus sanitized recovery baseline."
"sanitized-publication-delta","M","packwiz/config/graveyard/the-graveyard-3.0-config.json5.pw.toml","Candidate tree versus sanitized recovery baseline."
"sanitized-publication-delta","M","packwiz/config/immediatelyfast.json.pw.toml","Candidate tree versus sanitized recovery baseline."
"sanitized-publication-delta","M","packwiz/config/immersive_aircraft.json.pw.toml","Candidate tree versus sanitized recovery baseline."
"sanitized-publication-delta","M","packwiz/config/immersive_armors.json.pw.toml","Candidate tree versus sanitized recovery baseline."
"sanitized-publication-delta","M","packwiz/config/immersive_melodies.json.pw.toml","Candidate tree versus sanitized recovery baseline."
"sanitized-publication-delta","M","packwiz/config/immersive_paintings.json.pw.toml","Candidate tree versus sanitized recovery baseline."
"sanitized-publication-delta","M","packwiz/config/jade/hide-blocks.json.pw.toml","Candidate tree versus sanitized recovery baseline."
"sanitized-publication-delta","M","packwiz/config/jade/hide-entities.json.pw.toml","Candidate tree versus sanitized recovery baseline."
"sanitized-publication-delta","M","packwiz/config/jade/jade.json.pw.toml","Candidate tree versus sanitized recovery baseline."
"sanitized-publication-delta","M","packwiz/config/justzoom/config.txt.pw.toml","Candidate tree versus sanitized recovery baseline."
"sanitized-publication-delta","M","packwiz/config/konkrete/locals/de_de.local.pw.toml","Candidate tree versus sanitized recovery baseline."
"sanitized-publication-delta","M","packwiz/config/konkrete/locals/en_us.local.pw.toml","Candidate tree versus sanitized recovery baseline."
"sanitized-publication-delta","M","packwiz/config/konkrete/locals/pl_pl.local.pw.toml","Candidate tree versus sanitized recovery baseline."
"sanitized-publication-delta","M","packwiz/config/konkrete/locals/pt_br.local.pw.toml","Candidate tree versus sanitized recovery baseline."
"sanitized-publication-delta","M","packwiz/config/letmedespawn.json.pw.toml","Candidate tree versus sanitized recovery baseline."
"sanitized-publication-delta","M","packwiz/config/make_bubbles_pop.json.pw.toml","Candidate tree versus sanitized recovery baseline."
"sanitized-publication-delta","M","packwiz/config/midnightlib.json.pw.toml","Candidate tree versus sanitized recovery baseline."
"sanitized-publication-delta","M","packwiz/config/modernfix-mixins.properties.pw.toml","Candidate tree versus sanitized recovery baseline."
"sanitized-publication-delta","M","packwiz/config/naturalist.json.pw.toml","Candidate tree versus sanitized recovery baseline."
"sanitized-publication-delta","M","packwiz/config/notenoughanimations.json.pw.toml","Candidate tree versus sanitized recovery baseline."
"sanitized-publication-delta","M","packwiz/config/particlerain/config.json.pw.toml","Candidate tree versus sanitized recovery baseline."
"sanitized-publication-delta","M","packwiz/config/presencefootsteps/updater.json.pw.toml","Candidate tree versus sanitized recovery baseline."
"sanitized-publication-delta","M","packwiz/config/presencefootsteps/userconfig.json.pw.toml","Candidate tree versus sanitized recovery baseline."
"sanitized-publication-delta","M","packwiz/config/relics.yaml.pw.toml","Candidate tree versus sanitized recovery baseline."
"sanitized-publication-delta","M","packwiz/config/ribbits-options.json.pw.toml","Candidate tree versus sanitized recovery baseline."
"sanitized-publication-delta","M","packwiz/config/skinlayers.json.pw.toml","Candidate tree versus sanitized recovery baseline."
"sanitized-publication-delta","M","packwiz/config/smallships_upgrades.json5.pw.toml","Candidate tree versus sanitized recovery baseline."
"sanitized-publication-delta","M","packwiz/config/spawnanimations.json.pw.toml","Candidate tree versus sanitized recovery baseline."
"sanitized-publication-delta","M","packwiz/config/towns_and_towers/structure_enable_or_disable_new.json5.pw.toml","Candidate tree versus sanitized recovery baseline."
"sanitized-publication-delta","M","packwiz/config/towns_and_towers/structure_rarity_new.json5.pw.toml","Candidate tree versus sanitized recovery baseline."
"sanitized-publication-delta","M","packwiz/config/transition.json.pw.toml","Candidate tree versus sanitized recovery baseline."
"sanitized-publication-delta","M","packwiz/config/trender.json.pw.toml","Candidate tree versus sanitized recovery baseline."
"sanitized-publication-delta","M","packwiz/config/visual_workbench.json.pw.toml","Candidate tree versus sanitized recovery baseline."
"sanitized-publication-delta","M","packwiz/config/xaero/lib/client.cfg.pw.toml","Candidate tree versus sanitized recovery baseline."
"sanitized-publication-delta","M","packwiz/config/xaero/lib/common.cfg.pw.toml","Candidate tree versus sanitized recovery baseline."
"sanitized-publication-delta","M","packwiz/config/xaero/lib/profiles/default.cfg.pw.toml","Candidate tree versus sanitized recovery baseline."
"sanitized-publication-delta","M","packwiz/config/xaero/lib/server_profiles/default.cfg.pw.toml","Candidate tree versus sanitized recovery baseline."
"sanitized-publication-delta","M","packwiz/config/xaero/minimap/client.cfg.pw.toml","Candidate tree versus sanitized recovery baseline."
"sanitized-publication-delta","M","packwiz/config/xaero/minimap/common.cfg.pw.toml","Candidate tree versus sanitized recovery baseline."
"sanitized-publication-delta","M","packwiz/config/xaero/minimap/default_radar_categories_client.json.pw.toml","Candidate tree versus sanitized recovery baseline."
"sanitized-publication-delta","M","packwiz/config/xaero/minimap/default_radar_categories_server.json.pw.toml","Candidate tree versus sanitized recovery baseline."
"sanitized-publication-delta","M","packwiz/config/xaero/minimap/profiles/default.cfg.pw.toml","Candidate tree versus sanitized recovery baseline."
"sanitized-publication-delta","M","packwiz/config/xaero/minimap/profiles/entity_radar_categories/default.cfg.json.pw.toml","Candidate tree versus sanitized recovery baseline."
"sanitized-publication-delta","M","packwiz/config/xaero/minimap/profiles/info_display_config/default.cfg.txt.pw.toml","Candidate tree versus sanitized recovery baseline."
"sanitized-publication-delta","M","packwiz/config/xaero/minimap/server_profiles/default.cfg.pw.toml","Candidate tree versus sanitized recovery baseline."
"sanitized-publication-delta","M","packwiz/config/xaero/world-map/client.cfg.pw.toml","Candidate tree versus sanitized recovery baseline."
"sanitized-publication-delta","M","packwiz/config/xaero/world-map/common.cfg.pw.toml","Candidate tree versus sanitized recovery baseline."
"sanitized-publication-delta","M","packwiz/config/xaero/world-map/profiles/default.cfg.pw.toml","Candidate tree versus sanitized recovery baseline."
"sanitized-publication-delta","M","packwiz/config/xaero/world-map/server_profiles/default.cfg.pw.toml","Candidate tree versus sanitized recovery baseline."
"sanitized-publication-delta","M","packwiz/config/yacl.json5.pw.toml","Candidate tree versus sanitized recovery baseline."
"sanitized-publication-delta","M","packwiz/defaultconfigs/productivebees-server.toml.pw.toml","Candidate tree versus sanitized recovery baseline."
"sanitized-publication-delta","M","packwiz/index.toml","Candidate tree versus sanitized recovery baseline."
"sanitized-publication-delta","M","packwiz/moonlight-global-datapacks/milkyj-compat-fixes/data/caverns_and_chasms/loot_tables/blocks/eumus_brick.json.pw.toml","Candidate tree versus sanitized recovery baseline."
"sanitized-publication-delta","M","packwiz/moonlight-global-datapacks/milkyj-compat-fixes/pack.mcmeta.pw.toml","Candidate tree versus sanitized recovery baseline."
"sanitized-publication-delta","M","packwiz/pack.toml","Candidate tree versus sanitized recovery baseline."
"sanitized-publication-delta","M","packwiz/resourcepacks/MilkyJ Stability Fixes/assets/farmersdelight/models/block/pie.json.pw.toml","Candidate tree versus sanitized recovery baseline."
"sanitized-publication-delta","M","packwiz/resourcepacks/MilkyJ Stability Fixes/assets/farmersdelight/models/block/pie_slice1.json.pw.toml","Candidate tree versus sanitized recovery baseline."
"sanitized-publication-delta","M","packwiz/resourcepacks/MilkyJ Stability Fixes/assets/farmersdelight/models/block/pie_slice2.json.pw.toml","Candidate tree versus sanitized recovery baseline."
"sanitized-publication-delta","M","packwiz/resourcepacks/MilkyJ Stability Fixes/assets/farmersdelight/models/block/pie_slice3.json.pw.toml","Candidate tree versus sanitized recovery baseline."
"sanitized-publication-delta","M","packwiz/resourcepacks/MilkyJ Stability Fixes/assets/minecraft/atlases/blocks.json.pw.toml","Candidate tree versus sanitized recovery baseline."
"sanitized-publication-delta","M","packwiz/resourcepacks/MilkyJ Stability Fixes/assets/mowziesmobs/models/block/black_pink_grottol.json.pw.toml","Candidate tree versus sanitized recovery baseline."
"sanitized-publication-delta","M","packwiz/resourcepacks/MilkyJ Stability Fixes/assets/mowziesmobs/models/block/diamond_grottol.json.pw.toml","Candidate tree versus sanitized recovery baseline."
"sanitized-publication-delta","M","packwiz/resourcepacks/MilkyJ Stability Fixes/assets/unusualfishmod/animations/entity/duality_damselfish.animation.json.pw.toml","Candidate tree versus sanitized recovery baseline."
"sanitized-publication-delta","M","packwiz/resourcepacks/MilkyJ Stability Fixes/assets/unusualfishmod/animations/entity/freshwater_mantis.animation.json.pw.toml","Candidate tree versus sanitized recovery baseline."
"sanitized-publication-delta","M","packwiz/resourcepacks/MilkyJ Stability Fixes/assets/unusualfishmod/animations/entity/sea_pancake.animation.json.pw.toml","Candidate tree versus sanitized recovery baseline."
"sanitized-publication-delta","M","packwiz/resourcepacks/MilkyJ Stability Fixes/pack.mcmeta.pw.toml","Candidate tree versus sanitized recovery baseline."
"sanitized-publication-delta","M","payload/both/config/ftbquests/quests/chapters/archaeology.snbt","Candidate tree versus sanitized recovery baseline."
"sanitized-publication-delta","M","payload/both/config/ftbquests/quests/chapters/create_basics.snbt","Candidate tree versus sanitized recovery baseline."
"sanitized-publication-delta","M","payload/both/config/ftbquests/quests/chapters/endgame.snbt","Candidate tree versus sanitized recovery baseline."
"sanitized-publication-delta","M","payload/both/config/ftbquests/quests/chapters/first_days.snbt","Candidate tree versus sanitized recovery baseline."
"sanitized-publication-delta","M","payload/both/config/ftbquests/quests/chapters/homestead.snbt","Candidate tree versus sanitized recovery baseline."
"sanitized-publication-delta","M","payload/both/config/ftbquests/quests/chapters/new_horizons.snbt","Candidate tree versus sanitized recovery baseline."
"sanitized-publication-delta","D","payload/both/config/ftbquests/quests/chapters/tinkers_deferred.snbt","Candidate tree versus sanitized recovery baseline."
"sanitized-publication-delta","M","payload/both/config/ftbquests/quests/chapters/travel_storage.snbt","Candidate tree versus sanitized recovery baseline."
"sanitized-publication-delta","M","payload/both/config/ftbquests/quests/chapters/vehicles.snbt","Candidate tree versus sanitized recovery baseline."
"sanitized-publication-delta","M","payload/both/config/ftbquests/quests/chapters/welcome.snbt","Candidate tree versus sanitized recovery baseline."
"sanitized-publication-delta","M","project-settings.json","Candidate tree versus sanitized recovery baseline."
"sanitized-publication-delta","M","scripts/Build-BeginnerQuestBook.ps1","Candidate tree versus sanitized recovery baseline."
"sanitized-publication-delta","M","scripts/Build-Prism-Bootstrap.ps1","Candidate tree versus sanitized recovery baseline."
"sanitized-publication-delta","A","scripts/Prepare-CopiedWorldRcTest.ps1","Candidate tree versus sanitized recovery baseline."
"sanitized-publication-delta","A","scripts/Prepare-LocalRcTest.ps1","Candidate tree versus sanitized recovery baseline."
"sanitized-publication-delta","A","scripts/Start-RcLanTest.ps1","Candidate tree versus sanitized recovery baseline."
"sanitized-publication-delta","A","scripts/Stop-RcLanTest.ps1","Candidate tree versus sanitized recovery baseline."
"sanitized-publication-delta","A","scripts/Test-BaselineUpdateRollback.ps1","Candidate tree versus sanitized recovery baseline."
"sanitized-publication-delta","M","scripts/Test-InstallerEndToEnd.ps1","Candidate tree versus sanitized recovery baseline."
"sanitized-publication-delta","M","scripts/Validate-Pack.ps1","Candidate tree versus sanitized recovery baseline."
"sanitized-publication-delta","A","scripts/audit_quest_id_migration.py","Candidate tree versus sanitized recovery baseline."
"sanitized-publication-delta","A","scripts/audit_quest_mods.py","Candidate tree versus sanitized recovery baseline."
"sanitized-publication-delta","A","scripts/check_encoding.py","Candidate tree versus sanitized recovery baseline."
"sanitized-publication-delta","M","scripts/limited_http_server.py","Candidate tree versus sanitized recovery baseline."
"sanitized-publication-delta","A","scripts/rc_lan_server_supervisor.py","Candidate tree versus sanitized recovery baseline."
"sanitized-publication-delta","A","scripts/security_history_scan.py","Candidate tree versus sanitized recovery baseline."
"sanitized-publication-delta","A","scripts/test_synthetic_progress_migration.py","Candidate tree versus sanitized recovery baseline."
"sanitized-publication-delta","M","scripts/validate_pack.py","Candidate tree versus sanitized recovery baseline."
"sanitized-publication-delta","A","scripts/validate_questbook.py","Candidate tree versus sanitized recovery baseline."
"sanitized-publication-delta","A","tests/fixtures/synthetic-progress-baseline.json","Candidate tree versus sanitized recovery baseline."
"sanitization","M",".gitignore","Strengthened in both sanitized baseline and candidate; therefore not visible in baseline-to-candidate diff."
"history-sanitization","PURGED","payload/both/config/resourceful-config-web.json","Removed from candidate and every reachable publication ref."
"history-sanitization","PURGED","packwiz/config/resourceful-config-web.json.pw.toml","Removed from candidate and every reachable publication ref."
"history-sanitization","PURGED","payload/both/config/dawnoftimebuilder/patrons_cache.json","Removed from candidate and every reachable publication ref."
"history-sanitization","PURGED","packwiz/config/dawnoftimebuilder/patrons_cache.json.pw.toml","Removed from candidate and every reachable publication ref."
"final-evidence","A","audit/security-history-scan.json","Final repair evidence committed after implementation commit."
"final-evidence","A","audit/release-repair-files.csv","Final repair evidence committed after implementation commit."
"final-evidence","A","audit/release-gate-repair.json","Final repair evidence committed after implementation commit."
"final-evidence","A","docs/RELEASE-GATE-REPAIR.md","Final repair evidence committed after implementation commit."
